HDPID,HEAL Research Program,HEAL Study Type
HDP00001,Small Business Programs,HEAL Research Program
HDP00002,Advancing Clinical Trials in Neonatal Opioid Withdrawal (ACT NOW),HEAL Research Program
HDP00003,HEALthy Brain and Child Development (HBCD) Study,HEAL Research Program
HDP00004,,HEAL Studies
HDP00005,Early Phase Pain Investigation Clinical Network (EPPIC-Net),HEAL Research Program
HDP00006,HEALthy Brain and Child Development (HBCD) Study,HEAL Research Program
HDP00007,Translating Discoveries into Effective Devices to Treat Pain,HEAL Research Program
HDP00008,Focusing Medication Development to Prevent and Treat Opioid Use Disorder and Overdose,HEAL Research Program
HDP00009,Translating Discoveries into Effective Devices to Treat Pain,HEAL Research Program
HDP00010,Enhancing the National Drug Abuse Treatment Clinical Trials Network to Address Opioids,HEAL Research Program
HDP00011,Preventing Opioid Use Disorder,HEAL Research Program
HDP00012,Development and Optimization of Non-Addictive Therapies to Treat Pain,HEAL Research Program
HDP00013,HEALthy Brain and Child Development (HBCD) Study,HEAL Research Program
HDP00014,Translating Discoveries into Effective Devices to Treat Pain,HEAL Research Program
HDP00015,Small Business Programs,HEAL Research Program
HDP00016,Justice Community Overdose Innovation Network (JCOIN),HEAL Research Program
HDP00017,Sleep Dysfunction as a Core Feature of Opioid Use Disorder and Recovery,HEAL Research Program
HDP00018,Focusing Medication Development to Prevent and Treat Opioid Use Disorder and Overdose,HEAL Research Program
HDP00019,Small Business Programs,HEAL Research Program
HDP00020,Small Business Programs,HEAL Research Program
HDP00021,Focusing Medication Development to Prevent and Treat Opioid Use Disorder and Overdose,HEAL Research Program
HDP00022,Small Business Programs,HEAL Research Program
HDP00023,Focusing Medication Development to Prevent and Treat Opioid Use Disorder and Overdose,HEAL Research Program
HDP00024,Small Business Programs,HEAL Research Program
HDP00025,,HEAL Studies
HDP00026,Small Business Programs,HEAL Research Program
HDP00027,Sleep Dysfunction as a Core Feature of Opioid Use Disorder and Recovery,HEAL Research Program
HDP00028,Integrated Approach to Pain and Opioid Use in Hemodialysis Patients,HEAL Research Program
HDP00029,HEALthy Brain and Child Development (HBCD) Study,HEAL Research Program
HDP00030,,HEAL Studies
HDP00031,Early Phase Pain Investigation Clinical Network (EPPIC-Net),HEAL Research Program
HDP00032,HEALthy Brain and Child Development (HBCD) Study,HEAL Research Program
HDP00033,"Discovery and Validation of Biomarkers, Endpoints, and Signatures for Pain Conditions",HEAL Research Program
HDP00034,Small Business Programs,HEAL Research Program
HDP00035,Development and Optimization of Non-Addictive Therapies to Treat Pain,HEAL Research Program
HDP00036,HEALing Communities Study,HEAL Research Program
HDP00037,Advancing Clinical Trials in Neonatal Opioid Withdrawal (ACT NOW),HEAL Research Program
HDP00038,Discovery and Validation of Novel Targets for Safe and Effective Treatment of Pain,HEAL Research Program
HDP00039,Reducing Opioid-Related Harms to Treat Chronic Pain (IMPOWR and MIRHIQL),HEAL Research Program
HDP00040,Sleep Dysfunction as a Core Feature of Opioid Use Disorder and Recovery,HEAL Research Program
HDP00041,Development and Optimization of Non-Addictive Therapies to Treat Pain,HEAL Research Program
HDP00042,Focusing Medication Development to Prevent and Treat Opioid Use Disorder and Overdose,HEAL Research Program
HDP00043,Focusing Medication Development to Prevent and Treat Opioid Use Disorder and Overdose,HEAL Research Program
HDP00044,Small Business Programs,HEAL Research Program
HDP00045,Focusing Medication Development to Prevent and Treat Opioid Use Disorder and Overdose,HEAL Research Program
HDP00046,Focusing Medication Development to Prevent and Treat Opioid Use Disorder and Overdose,HEAL Research Program
HDP00047,,HEAL Studies
HDP00048,Focusing Medication Development to Prevent and Treat Opioid Use Disorder and Overdose,HEAL Research Program
HDP00049,Sleep Dysfunction as a Core Feature of Opioid Use Disorder and Recovery,HEAL Research Program
HDP00050,HEALthy Brain and Child Development (HBCD) Study,HEAL Research Program
HDP00051,Discovery and Validation of Novel Targets for Safe and Effective Treatment of Pain,HEAL Research Program
HDP00052,,HEAL Studies
HDP00053,Focusing Medication Development to Prevent and Treat Opioid Use Disorder and Overdose,HEAL Research Program
HDP00054,Translational Research to Advance Testing of Novel Drugs and Human Cell-Based Screening Platforms to Treat Pain and Opioid Use Disorder,HEAL Research Program
HDP00055,Integrated Approach to Pain and Opioid Use in Hemodialysis Patients,HEAL Research Program
HDP00056,Translating Discoveries into Effective Devices to Treat Pain,HEAL Research Program
HDP00057,Focusing Medication Development to Prevent and Treat Opioid Use Disorder and Overdose,HEAL Research Program
HDP00058,Sleep Dysfunction as a Core Feature of Opioid Use Disorder and Recovery,HEAL Research Program
HDP00059,Pain Management Effectiveness Research Network (ERN),HEAL Research Program
HDP00060,Small Business Programs,HEAL Research Program
HDP00061,HEALthy Brain and Child Development (HBCD) Study,HEAL Research Program
HDP00062,Small Business Programs,HEAL Research Program
HDP00063,Discovery and Validation of Novel Targets for Safe and Effective Treatment of Pain,HEAL Research Program
HDP00064,Small Business Programs,HEAL Research Program
HDP00065,Preventing Opioid Use Disorder,HEAL Research Program
HDP00066,Advancing Clinical Trials in Neonatal Opioid Withdrawal (ACT NOW),HEAL Research Program
HDP00067,Focusing Medication Development to Prevent and Treat Opioid Use Disorder and Overdose,HEAL Research Program
HDP00068,HEALthy Brain and Child Development (HBCD) Study,HEAL Research Program
HDP00069,Focusing Medication Development to Prevent and Treat Opioid Use Disorder and Overdose,HEAL Research Program
HDP00070,Focusing Medication Development to Prevent and Treat Opioid Use Disorder and Overdose,HEAL Research Program
HDP00071,Focusing Medication Development to Prevent and Treat Opioid Use Disorder and Overdose,HEAL Research Program
HDP00072,,HEAL Studies
HDP00073,Sleep Dysfunction as a Core Feature of Opioid Use Disorder and Recovery,HEAL Research Program
HDP00074,HEALing Communities Study,HEAL Research Program
HDP00075,Small Business Programs,HEAL Research Program
HDP00076,Advancing Clinical Trials in Neonatal Opioid Withdrawal (ACT NOW),HEAL Research Program
HDP00077,Focusing Medication Development to Prevent and Treat Opioid Use Disorder and Overdose,HEAL Research Program
HDP00078,Discovery and Validation of Novel Targets for Safe and Effective Treatment of Pain,HEAL Research Program
HDP00079,Enhancing the National Drug Abuse Treatment Clinical Trials Network to Address Opioids,HEAL Research Program
HDP00080,Early Phase Pain Investigation Clinical Network (EPPIC-Net),HEAL Research Program
HDP00081,Early Phase Pain Investigation Clinical Network (EPPIC-Net),HEAL Research Program
HDP00082,Preventing Opioid Use Disorder,HEAL Research Program
HDP00083,Recovery Research Networks,HEAL Research Program
HDP00084,HEALing Communities Study,HEAL Research Program
HDP00085,Pain Management Effectiveness Research Network (ERN),HEAL Research Program
HDP00086,Reducing Opioid-Related Harms to Treat Chronic Pain (IMPOWR and MIRHIQL),HEAL Research Program
HDP00087,HEALthy Brain and Child Development (HBCD) Study,HEAL Research Program
HDP00088,Focusing Medication Development to Prevent and Treat Opioid Use Disorder and Overdose,HEAL Research Program
HDP00089,Small Business Programs,HEAL Research Program
HDP00090,Focusing Medication Development to Prevent and Treat Opioid Use Disorder and Overdose,HEAL Research Program
HDP00091,Justice Community Overdose Innovation Network (JCOIN),HEAL Research Program
HDP00092,HEALthy Brain and Child Development (HBCD) Study,HEAL Research Program
HDP00093,Small Business Programs,HEAL Research Program
HDP00094,Early Phase Pain Investigation Clinical Network (EPPIC-Net),HEAL Research Program
HDP00095,Small Business Programs,HEAL Research Program
HDP00096,Focusing Medication Development to Prevent and Treat Opioid Use Disorder and Overdose,HEAL Research Program
HDP00097,"Discovery and Validation of Biomarkers, Endpoints, and Signatures for Pain Conditions",HEAL Research Program
HDP00098,Early Phase Pain Investigation Clinical Network (EPPIC-Net),HEAL Research Program
HDP00099,Behavioral Research to Improve Medication-Based Treatment,HEAL Research Program
HDP00100,HEALthy Brain and Child Development (HBCD) Study,HEAL Research Program
HDP00101,,HEAL Studies
HDP00102,Preventing Opioid Use Disorder,HEAL Research Program
HDP00103,Development and Optimization of Non-Addictive Therapies to Treat Pain,HEAL Research Program
HDP00104,Optimizing Care for People with Opioid Use Disorder and Mental Health Conditions,HEAL Research Program
HDP00105,Focusing Medication Development to Prevent and Treat Opioid Use Disorder and Overdose,HEAL Research Program
HDP00106,Reducing Opioid-Related Harms to Treat Chronic Pain (IMPOWR and MIRHIQL),HEAL Research Program
HDP00107,Focusing Medication Development to Prevent and Treat Opioid Use Disorder and Overdose,HEAL Research Program
HDP00108,,HEAL Studies
HDP00109,HEALthy Brain and Child Development (HBCD) Study,HEAL Research Program
HDP00110,Pain Management Effectiveness Research Network (ERN),HEAL Research Program
HDP00111,"Discovery and Validation of Biomarkers, Endpoints, and Signatures for Pain Conditions",HEAL Research Program
HDP00112,Focusing Medication Development to Prevent and Treat Opioid Use Disorder and Overdose,HEAL Research Program
HDP00113,Discovery and Validation of Novel Targets for Safe and Effective Treatment of Pain,HEAL Research Program
HDP00114,Discovery and Validation of Novel Targets for Safe and Effective Treatment of Pain,HEAL Research Program
HDP00115,Integrated Approach to Pain and Opioid Use in Hemodialysis Patients,HEAL Research Program
HDP00116,Small Business Programs,HEAL Research Program
HDP00117,Discovery and Validation of Novel Targets for Safe and Effective Treatment of Pain,HEAL Research Program
HDP00118,Small Business Programs,HEAL Research Program
HDP00119,Pragmatic and Implementation Studies for the Management of Pain to Reduce Opioid Prescribing (PRISM),HEAL Research Program
HDP00120,Discovery and Validation of Novel Targets for Safe and Effective Treatment of Pain,HEAL Research Program
HDP00121,Focusing Medication Development to Prevent and Treat Opioid Use Disorder and Overdose,HEAL Research Program
HDP00122,Back Pain Consortium Research Program,HEAL Research Program
HDP00123,Small Business Programs,HEAL Research Program
HDP00124,HEALthy Brain and Child Development (HBCD) Study,HEAL Research Program
HDP00125,Pragmatic and Implementation Studies for the Management of Pain to Reduce Opioid Prescribing (PRISM),HEAL Research Program
HDP00126,Focusing Medication Development to Prevent and Treat Opioid Use Disorder and Overdose,HEAL Research Program
HDP00127,HEALthy Brain and Child Development (HBCD) Study,HEAL Research Program
HDP00128,HEALthy Brain and Child Development (HBCD) Study,HEAL Research Program
HDP00129,Small Business Programs,HEAL Research Program
HDP00130,Integrated Approach to Pain and Opioid Use in Hemodialysis Patients,HEAL Research Program
HDP00131,Small Business Programs,HEAL Research Program
HDP00132,Optimizing Care for People with Opioid Use Disorder and Mental Health Conditions,HEAL Research Program
HDP00133,HEALthy Brain and Child Development (HBCD) Study,HEAL Research Program
HDP00134,,HEAL Studies
HDP00135,Small Business Programs,HEAL Research Program
HDP00136,Translating Discoveries into Effective Devices to Treat Pain,HEAL Research Program
HDP00137,,HEAL Studies
HDP00138,Focusing Medication Development to Prevent and Treat Opioid Use Disorder and Overdose,HEAL Research Program
HDP00139,Small Business Programs,HEAL Research Program
HDP00140,Small Business Programs,HEAL Research Program
HDP00141,Small Business Programs,HEAL Research Program
HDP00142,Focusing Medication Development to Prevent and Treat Opioid Use Disorder and Overdose,HEAL Research Program
HDP00143,Focusing Medication Development to Prevent and Treat Opioid Use Disorder and Overdose,HEAL Research Program
HDP00144,HEALthy Brain and Child Development (HBCD) Study,HEAL Research Program
HDP00145,Justice Community Overdose Innovation Network (JCOIN),HEAL Research Program
HDP00146,Focusing Medication Development to Prevent and Treat Opioid Use Disorder and Overdose,HEAL Research Program
HDP00147,,HEAL Studies
HDP00148,Sleep Dysfunction as a Core Feature of Opioid Use Disorder and Recovery,HEAL Research Program
HDP00149,Early Phase Pain Investigation Clinical Network (EPPIC-Net),HEAL Research Program
HDP00150,HEALing Communities Study,HEAL Research Program
HDP00151,Translating Discoveries into Effective Devices to Treat Pain,HEAL Research Program
HDP00152,Early Phase Pain Investigation Clinical Network (EPPIC-Net),HEAL Research Program
HDP00153,Small Business Programs,HEAL Research Program
HDP00154,Small Business Programs,HEAL Research Program
HDP00155,Translating Discoveries into Effective Devices to Treat Pain,HEAL Research Program
HDP00156,Small Business Programs,HEAL Research Program
HDP00157,Development and Optimization of Non-Addictive Therapies to Treat Pain,HEAL Research Program
HDP00158,Back Pain Consortium Research Program,HEAL Research Program
HDP00159,Small Business Programs,HEAL Research Program
HDP00160,Behavioral Research to Improve Medication-Based Treatment,HEAL Research Program
HDP00161,Small Business Programs,HEAL Research Program
HDP00162,Discovery and Validation of Novel Targets for Safe and Effective Treatment of Pain,HEAL Research Program
HDP00163,Justice Community Overdose Innovation Network (JCOIN),HEAL Research Program
HDP00164,Discovery and Validation of Novel Targets for Safe and Effective Treatment of Pain,HEAL Research Program
HDP00165,Small Business Programs,HEAL Research Program
HDP00166,Justice Community Overdose Innovation Network (JCOIN),HEAL Research Program
HDP00167,Development and Optimization of Non-Addictive Therapies to Treat Pain,HEAL Research Program
HDP00168,Focusing Medication Development to Prevent and Treat Opioid Use Disorder and Overdose,HEAL Research Program
HDP00169,Integrated Approach to Pain and Opioid Use in Hemodialysis Patients,HEAL Research Program
HDP00170,Small Business Programs,HEAL Research Program
HDP00171,Translating Discoveries into Effective Devices to Treat Pain,HEAL Research Program
HDP00172,Small Business Programs,HEAL Research Program
HDP00173,Discovery and Validation of Novel Targets for Safe and Effective Treatment of Pain,HEAL Research Program
HDP00174,Development and Optimization of Non-Addictive Therapies to Treat Pain,HEAL Research Program
HDP00175,HEALthy Brain and Child Development (HBCD) Study,HEAL Research Program
HDP00176,Small Business Programs,HEAL Research Program
HDP00177,Small Business Programs,HEAL Research Program
HDP00178,Justice Community Overdose Innovation Network (JCOIN),HEAL Research Program
HDP00179,Focusing Medication Development to Prevent and Treat Opioid Use Disorder and Overdose,HEAL Research Program
HDP00180,HEALthy Brain and Child Development (HBCD) Study,HEAL Research Program
HDP00181,Focusing Medication Development to Prevent and Treat Opioid Use Disorder and Overdose,HEAL Research Program
HDP00182,Small Business Programs,HEAL Research Program
HDP00183,Justice Community Overdose Innovation Network (JCOIN),HEAL Research Program
HDP00184,Small Business Programs,HEAL Research Program
HDP00185,Advancing Clinical Trials in Neonatal Opioid Withdrawal (ACT NOW),HEAL Research Program
HDP00186,Small Business Programs,HEAL Research Program
HDP00187,,HEAL Studies
HDP00188,Small Business Programs,HEAL Research Program
HDP00189,HEALthy Brain and Child Development (HBCD) Study,HEAL Research Program
HDP00190,,HEAL Studies
HDP00191,Development and Optimization of Non-Addictive Therapies to Treat Pain,HEAL Research Program
HDP00192,Justice Community Overdose Innovation Network (JCOIN),HEAL Research Program
HDP00193,HEALthy Brain and Child Development (HBCD) Study,HEAL Research Program
HDP00194,Small Business Programs,HEAL Research Program
HDP00195,Translational Research to Advance Testing of Novel Drugs and Human Cell-Based Screening Platforms to Treat Pain and Opioid Use Disorder,HEAL Research Program
HDP00196,Focusing Medication Development to Prevent and Treat Opioid Use Disorder and Overdose,HEAL Research Program
HDP00197,Integrated Approach to Pain and Opioid Use in Hemodialysis Patients,HEAL Research Program
HDP00198,Back Pain Consortium Research Program,HEAL Research Program
HDP00199,HEALthy Brain and Child Development (HBCD) Study,HEAL Research Program
HDP00200,Pragmatic and Implementation Studies for the Management of Pain to Reduce Opioid Prescribing (PRISM),HEAL Research Program
HDP00201,Optimizing Care for People with Opioid Use Disorder and Mental Health Conditions,HEAL Research Program
HDP00202,Translational Research to Advance Testing of Novel Drugs and Human Cell-Based Screening Platforms to Treat Pain and Opioid Use Disorder,HEAL Research Program
HDP00203,Preventing Opioid Use Disorder,HEAL Research Program
HDP00204,Focusing Medication Development to Prevent and Treat Opioid Use Disorder and Overdose,HEAL Research Program
HDP00205,Pragmatic and Implementation Studies for the Management of Pain to Reduce Opioid Prescribing (PRISM),HEAL Research Program
HDP00206,Small Business Programs,HEAL Research Program
HDP00207,HEALthy Brain and Child Development (HBCD) Study,HEAL Research Program
HDP00208,Small Business Programs,HEAL Research Program
HDP00209,Small Business Programs,HEAL Research Program
HDP00210,,HEAL Studies
HDP00211,Pain Management Effectiveness Research Network (ERN),HEAL Research Program
HDP00212,Translating Discoveries into Effective Devices to Treat Pain,HEAL Research Program
HDP00213,Focusing Medication Development to Prevent and Treat Opioid Use Disorder and Overdose,HEAL Research Program
HDP00215,Preventing Opioid Use Disorder,HEAL Research Program
HDP00216,Small Business Programs,HEAL Research Program
HDP00217,Justice Community Overdose Innovation Network (JCOIN),HEAL Research Program
HDP00218,Early Phase Pain Investigation Clinical Network (EPPIC-Net),HEAL Research Program
HDP00219,"Discovery and Validation of Biomarkers, Endpoints, and Signatures for Pain Conditions",HEAL Research Program
HDP00220,Focusing Medication Development to Prevent and Treat Opioid Use Disorder and Overdose,HEAL Research Program
HDP00221,Behavioral Research to Improve Medication-Based Treatment,HEAL Research Program
HDP00222,Small Business Programs,HEAL Research Program
HDP00223,Optimizing Care for People with Opioid Use Disorder and Mental Health Conditions,HEAL Research Program
HDP00224,Focusing Medication Development to Prevent and Treat Opioid Use Disorder and Overdose,HEAL Research Program
HDP00225,HEALthy Brain and Child Development (HBCD) Study,HEAL Research Program
HDP00226,Focusing Medication Development to Prevent and Treat Opioid Use Disorder and Overdose,HEAL Research Program
HDP00227,Discovery and Validation of Novel Targets for Safe and Effective Treatment of Pain,HEAL Research Program
HDP00228,Focusing Medication Development to Prevent and Treat Opioid Use Disorder and Overdose,HEAL Research Program
HDP00229,Preventing Opioid Use Disorder,HEAL Research Program
HDP00230,Translating Discoveries into Effective Devices to Treat Pain,HEAL Research Program
HDP00231,,HEAL Studies
HDP00232,Small Business Programs,HEAL Research Program
HDP00233,Back Pain Consortium Research Program,HEAL Research Program
HDP00234,HEALthy Brain and Child Development (HBCD) Study,HEAL Research Program
HDP00235,Discovery and Validation of Novel Targets for Safe and Effective Treatment of Pain,HEAL Research Program
HDP00236,Small Business Programs,HEAL Research Program
HDP00237,Discovery and Validation of Novel Targets for Safe and Effective Treatment of Pain,HEAL Research Program
HDP00238,Early Phase Pain Investigation Clinical Network (EPPIC-Net),HEAL Research Program
HDP00239,Back Pain Consortium Research Program,HEAL Research Program
HDP00240,Small Business Programs,HEAL Research Program
HDP00241,Focusing Medication Development to Prevent and Treat Opioid Use Disorder and Overdose,HEAL Research Program
HDP00242,Pain Management Effectiveness Research Network (ERN),HEAL Research Program
HDP00243,Advancing Clinical Trials in Neonatal Opioid Withdrawal (ACT NOW),HEAL Research Program
HDP00244,Focusing Medication Development to Prevent and Treat Opioid Use Disorder and Overdose,HEAL Research Program
HDP00245,Translating Discoveries into Effective Devices to Treat Pain,HEAL Research Program
HDP00246,Small Business Programs,HEAL Research Program
HDP00247,Discovery and Validation of Novel Targets for Safe and Effective Treatment of Pain,HEAL Research Program
HDP00248,Behavioral Research to Improve Medication-Based Treatment,HEAL Research Program
HDP00249,Translational Research to Advance Testing of Novel Drugs and Human Cell-Based Screening Platforms to Treat Pain and Opioid Use Disorder,HEAL Research Program
HDP00250,Focusing Medication Development to Prevent and Treat Opioid Use Disorder and Overdose,HEAL Research Program
HDP00251,Advancing Clinical Trials in Neonatal Opioid Withdrawal (ACT NOW),HEAL Research Program
HDP00252,Discovery and Validation of Novel Targets for Safe and Effective Treatment of Pain,HEAL Research Program
HDP00253,"Discovery and Validation of Biomarkers, Endpoints, and Signatures for Pain Conditions",HEAL Research Program
HDP00254,Focusing Medication Development to Prevent and Treat Opioid Use Disorder and Overdose,HEAL Research Program
HDP00255,Small Business Programs,HEAL Research Program
HDP00256,Small Business Programs,HEAL Research Program
HDP00257,Development and Optimization of Non-Addictive Therapies to Treat Pain,HEAL Research Program
HDP00258,Back Pain Consortium Research Program,HEAL Research Program
HDP00259,Small Business Programs,HEAL Research Program
HDP00260,Focusing Medication Development to Prevent and Treat Opioid Use Disorder and Overdose,HEAL Research Program
HDP00261,Pain Management Effectiveness Research Network (ERN),HEAL Research Program
HDP00262,Justice Community Overdose Innovation Network (JCOIN),HEAL Research Program
HDP00263,Focusing Medication Development to Prevent and Treat Opioid Use Disorder and Overdose,HEAL Research Program
HDP00264,,HEAL Studies
HDP00265,Discovery and Validation of Novel Targets for Safe and Effective Treatment of Pain,HEAL Research Program
HDP00266,Early Phase Pain Investigation Clinical Network (EPPIC-Net),HEAL Research Program
HDP00267,Advancing Clinical Trials in Neonatal Opioid Withdrawal (ACT NOW),HEAL Research Program
HDP00268,Small Business Programs,HEAL Research Program
HDP00269,HEALthy Brain and Child Development (HBCD) Study,HEAL Research Program
HDP00270,Small Business Programs,HEAL Research Program
HDP00271,Development and Optimization of Non-Addictive Therapies to Treat Pain,HEAL Research Program
HDP00272,Small Business Programs,HEAL Research Program
HDP00273,HEALthy Brain and Child Development (HBCD) Study,HEAL Research Program
HDP00274,Focusing Medication Development to Prevent and Treat Opioid Use Disorder and Overdose,HEAL Research Program
HDP00275,Early Phase Pain Investigation Clinical Network (EPPIC-Net),HEAL Research Program
HDP00276,Optimizing Care for People with Opioid Use Disorder and Mental Health Conditions,HEAL Research Program
HDP00277,Preventing Opioid Use Disorder,HEAL Research Program
HDP00278,Small Business Programs,HEAL Research Program
HDP00279,Translational Research to Advance Testing of Novel Drugs and Human Cell-Based Screening Platforms to Treat Pain and Opioid Use Disorder,HEAL Research Program
HDP00280,Reducing Opioid-Related Harms to Treat Chronic Pain (IMPOWR and MIRHIQL),HEAL Research Program
HDP00281,Focusing Medication Development to Prevent and Treat Opioid Use Disorder and Overdose,HEAL Research Program
HDP00282,,HEAL Studies
HDP00283,,HEAL Studies
HDP00284,Discovery and Validation of Novel Targets for Safe and Effective Treatment of Pain,HEAL Research Program
HDP00285,Preventing Opioid Use Disorder,HEAL Research Program
HDP00286,Integrated Approach to Pain and Opioid Use in Hemodialysis Patients,HEAL Research Program
HDP00287,Small Business Programs,HEAL Research Program
HDP00288,Preventing Opioid Use Disorder,HEAL Research Program
HDP00289,Behavioral Research to Improve Medication-Based Treatment,HEAL Research Program
HDP00290,Reducing Opioid-Related Harms to Treat Chronic Pain (IMPOWR and MIRHIQL),HEAL Research Program
HDP00291,Small Business Programs,HEAL Research Program
HDP00292,Focusing Medication Development to Prevent and Treat Opioid Use Disorder and Overdose,HEAL Research Program
HDP00293,"Discovery and Validation of Biomarkers, Endpoints, and Signatures for Pain Conditions",HEAL Research Program
HDP00294,Early Phase Pain Investigation Clinical Network (EPPIC-Net),HEAL Research Program
HDP00295,,HEAL Studies
HDP00296,Focusing Medication Development to Prevent and Treat Opioid Use Disorder and Overdose,HEAL Research Program
HDP00297,Preventing Opioid Use Disorder,HEAL Research Program
HDP00298,HEALthy Brain and Child Development (HBCD) Study,HEAL Research Program
HDP00299,Small Business Programs,HEAL Research Program
HDP00300,Focusing Medication Development to Prevent and Treat Opioid Use Disorder and Overdose,HEAL Research Program
HDP00301,Preventing Opioid Use Disorder,HEAL Research Program
HDP00302,Advancing Clinical Trials in Neonatal Opioid Withdrawal (ACT NOW),HEAL Research Program
HDP00303,Discovery and Validation of Novel Targets for Safe and Effective Treatment of Pain,HEAL Research Program
HDP00304,Focusing Medication Development to Prevent and Treat Opioid Use Disorder and Overdose,HEAL Research Program
HDP00305,Small Business Programs,HEAL Research Program
HDP00306,HEALthy Brain and Child Development (HBCD) Study,HEAL Research Program
HDP00307,Small Business Programs,HEAL Research Program
HDP00308,Back Pain Consortium Research Program,HEAL Research Program
HDP00309,Pragmatic and Implementation Studies for the Management of Pain to Reduce Opioid Prescribing (PRISM),HEAL Research Program
HDP00310,Development and Optimization of Non-Addictive Therapies to Treat Pain,HEAL Research Program
HDP00311,Justice Community Overdose Innovation Network (JCOIN),HEAL Research Program
HDP00312,Focusing Medication Development to Prevent and Treat Opioid Use Disorder and Overdose,HEAL Research Program
HDP00313,Focusing Medication Development to Prevent and Treat Opioid Use Disorder and Overdose,HEAL Research Program
HDP00314,Integrated Approach to Pain and Opioid Use in Hemodialysis Patients,HEAL Research Program
HDP00315,Focusing Medication Development to Prevent and Treat Opioid Use Disorder and Overdose,HEAL Research Program
HDP00316,Focusing Medication Development to Prevent and Treat Opioid Use Disorder and Overdose,HEAL Research Program
HDP00317,Behavioral Research to Improve Medication-Based Treatment,HEAL Research Program
HDP00318,Discovery and Validation of Novel Targets for Safe and Effective Treatment of Pain,HEAL Research Program
HDP00319,HEALthy Brain and Child Development (HBCD) Study,HEAL Research Program
HDP00320,Small Business Programs,HEAL Research Program
HDP00321,Discovery and Validation of Novel Targets for Safe and Effective Treatment of Pain,HEAL Research Program
HDP00322,HEALthy Brain and Child Development (HBCD) Study,HEAL Research Program
HDP00323,Back Pain Consortium Research Program,HEAL Research Program
HDP00324,Early Phase Pain Investigation Clinical Network (EPPIC-Net),HEAL Research Program
HDP00325,Translating Discoveries into Effective Devices to Treat Pain,HEAL Research Program
HDP00326,Focusing Medication Development to Prevent and Treat Opioid Use Disorder and Overdose,HEAL Research Program
HDP00327,Development and Optimization of Non-Addictive Therapies to Treat Pain,HEAL Research Program
HDP00328,Translating Discoveries into Effective Devices to Treat Pain,HEAL Research Program
HDP00329,HEALthy Brain and Child Development (HBCD) Study,HEAL Research Program
HDP00330,"Discovery and Validation of Biomarkers, Endpoints, and Signatures for Pain Conditions",HEAL Research Program
HDP00331,Preventing Opioid Use Disorder,HEAL Research Program
HDP00332,Behavioral Research to Improve Medication-Based Treatment,HEAL Research Program
HDP00333,Focusing Medication Development to Prevent and Treat Opioid Use Disorder and Overdose,HEAL Research Program
HDP00334,Preventing Opioid Use Disorder,HEAL Research Program
HDP00335,Enhancing the National Drug Abuse Treatment Clinical Trials Network to Address Opioids,HEAL Research Program
HDP00336,Focusing Medication Development to Prevent and Treat Opioid Use Disorder and Overdose,HEAL Research Program
HDP00337,"Discovery and Validation of Biomarkers, Endpoints, and Signatures for Pain Conditions",HEAL Research Program
HDP00338,Early Phase Pain Investigation Clinical Network (EPPIC-Net),HEAL Research Program
HDP00339,Small Business Programs,HEAL Research Program
HDP00340,Advancing Clinical Trials in Neonatal Opioid Withdrawal (ACT NOW),HEAL Research Program
HDP00341,Enhancing the National Drug Abuse Treatment Clinical Trials Network to Address Opioids,HEAL Research Program
HDP00342,Focusing Medication Development to Prevent and Treat Opioid Use Disorder and Overdose,HEAL Research Program
HDP00343,Focusing Medication Development to Prevent and Treat Opioid Use Disorder and Overdose,HEAL Research Program
HDP00344,Back Pain Consortium Research Program,HEAL Research Program
HDP00345,Focusing Medication Development to Prevent and Treat Opioid Use Disorder and Overdose,HEAL Research Program
HDP00346,Small Business Programs,HEAL Research Program
HDP00347,Development and Optimization of Non-Addictive Therapies to Treat Pain,HEAL Research Program
HDP00348,Small Business Programs,HEAL Research Program
HDP00349,Back Pain Consortium Research Program,HEAL Research Program
HDP00350,Focusing Medication Development to Prevent and Treat Opioid Use Disorder and Overdose,HEAL Research Program
HDP00351,HEALthy Brain and Child Development (HBCD) Study,HEAL Research Program
HDP00352,HEALthy Brain and Child Development (HBCD) Study,HEAL Research Program
HDP00353,Behavioral Research to Improve Medication-Based Treatment,HEAL Research Program
HDP00354,,HEAL Studies
HDP00355,HEALthy Brain and Child Development (HBCD) Study,HEAL Research Program
HDP00356,Back Pain Consortium Research Program,HEAL Research Program
HDP00357,Justice Community Overdose Innovation Network (JCOIN),HEAL Research Program
HDP00358,Translational Research to Advance Testing of Novel Drugs and Human Cell-Based Screening Platforms to Treat Pain and Opioid Use Disorder,HEAL Research Program
HDP00359,HEALthy Brain and Child Development (HBCD) Study,HEAL Research Program
HDP00360,HEALing Communities Study,HEAL Research Program
HDP00361,HEALthy Brain and Child Development (HBCD) Study,HEAL Research Program
HDP00362,Justice Community Overdose Innovation Network (JCOIN),HEAL Research Program
HDP00363,Behavioral Research to Improve Medication-Based Treatment,HEAL Research Program
HDP00364,Discovery and Validation of Novel Targets for Safe and Effective Treatment of Pain,HEAL Research Program
HDP00365,Discovery and Validation of Novel Targets for Safe and Effective Treatment of Pain,HEAL Research Program
HDP00366,Back Pain Consortium Research Program,HEAL Research Program
HDP00367,HEALthy Brain and Child Development (HBCD) Study,HEAL Research Program
HDP00368,Small Business Programs,HEAL Research Program
HDP00369,"Discovery and Validation of Biomarkers, Endpoints, and Signatures for Pain Conditions",HEAL Research Program
HDP00370,Discovery and Validation of Novel Targets for Safe and Effective Treatment of Pain,HEAL Research Program
HDP00371,Focusing Medication Development to Prevent and Treat Opioid Use Disorder and Overdose,HEAL Research Program
HDP00372,Focusing Medication Development to Prevent and Treat Opioid Use Disorder and Overdose,HEAL Research Program
HDP00373,Focusing Medication Development to Prevent and Treat Opioid Use Disorder and Overdose,HEAL Research Program
HDP00374,Focusing Medication Development to Prevent and Treat Opioid Use Disorder and Overdose,HEAL Research Program
HDP00375,HEALthy Brain and Child Development (HBCD) Study,HEAL Research Program
HDP00376,Focusing Medication Development to Prevent and Treat Opioid Use Disorder and Overdose,HEAL Research Program
HDP00377,Focusing Medication Development to Prevent and Treat Opioid Use Disorder and Overdose,HEAL Research Program
HDP00378,Integrated Approach to Pain and Opioid Use in Hemodialysis Patients,HEAL Research Program
HDP00379,HEALthy Brain and Child Development (HBCD) Study,HEAL Research Program
HDP00380,Focusing Medication Development to Prevent and Treat Opioid Use Disorder and Overdose,HEAL Research Program
HDP00381,Small Business Programs,HEAL Research Program
HDP00382,Translating Discoveries into Effective Devices to Treat Pain,HEAL Research Program
HDP00383,HEALthy Brain and Child Development (HBCD) Study,HEAL Research Program
HDP00384,Translating Discoveries into Effective Devices to Treat Pain,HEAL Research Program
HDP00385,,HEAL Studies
HDP00386,Behavioral Research to Improve Medication-Based Treatment,HEAL Research Program
HDP00387,Back Pain Consortium Research Program,HEAL Research Program
HDP00388,Discovery and Validation of Novel Targets for Safe and Effective Treatment of Pain,HEAL Research Program
HDP00389,Focusing Medication Development to Prevent and Treat Opioid Use Disorder and Overdose,HEAL Research Program
HDP00390,Small Business Programs,HEAL Research Program
HDP00391,Pragmatic and Implementation Studies for the Management of Pain to Reduce Opioid Prescribing (PRISM),HEAL Research Program
HDP00392,,HEAL Studies
HDP00393,HEALthy Brain and Child Development (HBCD) Study,HEAL Research Program
HDP00394,Enhancing the National Drug Abuse Treatment Clinical Trials Network to Address Opioids,HEAL Research Program
HDP00395,Behavioral Research to Improve Medication-Based Treatment,HEAL Research Program
HDP00396,Small Business Programs,HEAL Research Program
HDP00397,Sleep Dysfunction as a Core Feature of Opioid Use Disorder and Recovery,HEAL Research Program
HDP00398,Focusing Medication Development to Prevent and Treat Opioid Use Disorder and Overdose,HEAL Research Program
HDP00399,Focusing Medication Development to Prevent and Treat Opioid Use Disorder and Overdose,HEAL Research Program
HDP00400,Small Business Programs,HEAL Research Program
HDP00401,Discovery and Validation of Novel Targets for Safe and Effective Treatment of Pain,HEAL Research Program
HDP00402,HEALthy Brain and Child Development (HBCD) Study,HEAL Research Program
HDP00403,Pragmatic and Implementation Studies for the Management of Pain to Reduce Opioid Prescribing (PRISM),HEAL Research Program
HDP00404,HEALthy Brain and Child Development (HBCD) Study,HEAL Research Program
HDP00405,Small Business Programs,HEAL Research Program
HDP00406,Advancing Clinical Trials in Neonatal Opioid Withdrawal (ACT NOW),HEAL Research Program
HDP00407,Advancing Clinical Trials in Neonatal Opioid Withdrawal (ACT NOW),HEAL Research Program
HDP00408,Advancing Clinical Trials in Neonatal Opioid Withdrawal (ACT NOW),HEAL Research Program
HDP00409,Back Pain Consortium Research Program,HEAL Research Program
HDP00410,Back Pain Consortium Research Program,HEAL Research Program
HDP00411,Back Pain Consortium Research Program,HEAL Research Program
HDP00412,Back Pain Consortium Research Program,HEAL Research Program
HDP00413,Advancing Clinical Trials in Neonatal Opioid Withdrawal (ACT NOW),HEAL Research Program
HDP00414,Back Pain Consortium Research Program,HEAL Research Program
HDP00415,Back Pain Consortium Research Program,HEAL Research Program
HDP00416,Advancing Clinical Trials in Neonatal Opioid Withdrawal (ACT NOW),HEAL Research Program
HDP00417,Advancing Clinical Trials in Neonatal Opioid Withdrawal (ACT NOW),HEAL Research Program
HDP00418,Justice Community Overdose Innovation Network (JCOIN),HEAL Research Program
HDP00419,Justice Community Overdose Innovation Network (JCOIN),HEAL Research Program
HDP00420,Justice Community Overdose Innovation Network (JCOIN),HEAL Research Program
HDP00421,Justice Community Overdose Innovation Network (JCOIN),HEAL Research Program
HDP00422,Development and Optimization of Non-Addictive Therapies to Treat Pain,HEAL Research Program
HDP00423,Development and Optimization of Non-Addictive Therapies to Treat Pain,HEAL Research Program
HDP00424,Development and Optimization of Non-Addictive Therapies to Treat Pain,HEAL Research Program
HDP00425,Development and Optimization of Non-Addictive Therapies to Treat Pain,HEAL Research Program
HDP00426,Development and Optimization of Non-Addictive Therapies to Treat Pain,HEAL Research Program
HDP00427,Development and Optimization of Non-Addictive Therapies to Treat Pain,HEAL Research Program
HDP00428,Development and Optimization of Non-Addictive Therapies to Treat Pain,HEAL Research Program
HDP00429,Back Pain Consortium Research Program,HEAL Research Program
HDP00430,Back Pain Consortium Research Program,HEAL Research Program
HDP00431,Back Pain Consortium Research Program,HEAL Research Program
HDP00432,Back Pain Consortium Research Program,HEAL Research Program
HDP00433,Back Pain Consortium Research Program,HEAL Research Program
HDP00434,Back Pain Consortium Research Program,HEAL Research Program
HDP00435,Justice Community Overdose Innovation Network (JCOIN),HEAL Research Program
HDP00436,Justice Community Overdose Innovation Network (JCOIN),HEAL Research Program
HDP00437,Justice Community Overdose Innovation Network (JCOIN),HEAL Research Program
HDP00438,Justice Community Overdose Innovation Network (JCOIN),HEAL Research Program
HDP00439,Justice Community Overdose Innovation Network (JCOIN),HEAL Research Program
HDP00440,Back Pain Consortium Research Program,HEAL Research Program
HDP00441,Back Pain Consortium Research Program,HEAL Research Program
HDP00442,Back Pain Consortium Research Program,HEAL Research Program
HDP00443,Back Pain Consortium Research Program,HEAL Research Program
HDP00444,Back Pain Consortium Research Program,HEAL Research Program
HDP00445,Back Pain Consortium Research Program,HEAL Research Program
HDP00446,Back Pain Consortium Research Program,HEAL Research Program
HDP00447,Small Business Programs,HEAL Research Program
HDP00448,Small Business Programs,HEAL Research Program
HDP00449,Small Business Programs,HEAL Research Program
HDP00450,Small Business Programs,HEAL Research Program
HDP00451,Small Business Programs,HEAL Research Program
HDP00452,Small Business Programs,HEAL Research Program
HDP00453,Small Business Programs,HEAL Research Program
HDP00454,Small Business Programs,HEAL Research Program
HDP00455,Small Business Programs,HEAL Research Program
HDP00456,Small Business Programs,HEAL Research Program
HDP00457,Enhancing the National Drug Abuse Treatment Clinical Trials Network to Address Opioids,HEAL Research Program
HDP00458,Optimizing Care for People with Opioid Use Disorder and Mental Health Conditions,HEAL Research Program
HDP00459,Enhancing the National Drug Abuse Treatment Clinical Trials Network to Address Opioids,HEAL Research Program
HDP00460,Pain Management Effectiveness Research Network (ERN),HEAL Research Program
HDP00461,Preventing Opioid Use Disorder,HEAL Research Program
HDP00462,Enhancing the National Drug Abuse Treatment Clinical Trials Network to Address Opioids,HEAL Research Program
HDP00463,,HEAL Studies
HDP00464,,HEAL Studies
HDP00465,Sleep Dysfunction as a Core Feature of Opioid Use Disorder and Recovery,HEAL Research Program
HDP00466,,HEAL Studies
HDP00467,Preventing Opioid Use Disorder,HEAL Research Program
HDP00468,Focusing Medication Development to Prevent and Treat Opioid Use Disorder and Overdose,HEAL Research Program
HDP00469,Discovery and Validation of Novel Targets for Safe and Effective Treatment of Pain,HEAL Research Program
HDP00470,,HEAL Studies
HDP00471,,HEAL Studies
HDP00472,Small Business Programs,HEAL Research Program
HDP00473,,HEAL Studies
HDP00474,Optimizing Care for People with Opioid Use Disorder and Mental Health Conditions,HEAL Research Program
HDP00475,Prevention of Progression to Moderate or Severe Opioid Use Disorder,HEAL Research Program
HDP00476,Preventing Opioid Use Disorder,HEAL Research Program
HDP00477,Enhancing the National Drug Abuse Treatment Clinical Trials Network to Address Opioids,HEAL Research Program
HDP00478,Preventing Opioid Use Disorder,HEAL Research Program
HDP00479,Focusing Medication Development to Prevent and Treat Opioid Use Disorder and Overdose,HEAL Research Program
HDP00480,Integrated Approach to Pain and Opioid Use in Hemodialysis Patients,HEAL Research Program
HDP00481,Integrated Approach to Pain and Opioid Use in Hemodialysis Patients,HEAL Research Program
HDP00482,Discovery and Validation of Novel Targets for Safe and Effective Treatment of Pain,HEAL Research Program
HDP00483,Prevention of Progression to Moderate or Severe Opioid Use Disorder,HEAL Research Program
HDP00484,Enhancing the National Drug Abuse Treatment Clinical Trials Network to Address Opioids,HEAL Research Program
HDP00485,Enhancing the National Drug Abuse Treatment Clinical Trials Network to Address Opioids,HEAL Research Program
HDP00486,Optimizing Care for People with Opioid Use Disorder and Mental Health Conditions,HEAL Research Program
HDP00487,Advancing Clinical Trials in Neonatal Opioid Withdrawal (ACT NOW),HEAL Research Program
HDP00488,Back Pain Consortium Research Program,HEAL Research Program
HDP00489,Preventing Opioid Use Disorder,HEAL Research Program
HDP00490,Enhancing the National Drug Abuse Treatment Clinical Trials Network to Address Opioids,HEAL Research Program
HDP00491,Discovery and Validation of Novel Targets for Safe and Effective Treatment of Pain,HEAL Research Program
HDP00492,Enhancing the National Drug Abuse Treatment Clinical Trials Network to Address Opioids,HEAL Research Program
HDP00493,Focusing Medication Development to Prevent and Treat Opioid Use Disorder and Overdose,HEAL Research Program
HDP00494,,HEAL Studies
HDP00495,Pain Management Effectiveness Research Network (ERN),HEAL Research Program
HDP00496,Integrated Approach to Pain and Opioid Use in Hemodialysis Patients,HEAL Research Program
HDP00497,Integrated Approach to Pain and Opioid Use in Hemodialysis Patients,HEAL Research Program
HDP00498,,HEAL Studies
HDP00499,Pain Management Effectiveness Research Network (ERN),HEAL Research Program
HDP00500,Enhancing the National Drug Abuse Treatment Clinical Trials Network to Address Opioids,HEAL Research Program
HDP00501,Prevention of Progression to Moderate or Severe Opioid Use Disorder,HEAL Research Program
HDP00502,Training the Next Generation of Researchers in HEAL,HEAL Research Program
HDP00503,Justice Community Overdose Innovation Network (JCOIN),HEAL Research Program
HDP00504,Enhancing the National Drug Abuse Treatment Clinical Trials Network to Address Opioids,HEAL Research Program
HDP00505,Enhancing the National Drug Abuse Treatment Clinical Trials Network to Address Opioids,HEAL Research Program
HDP00506,Enhancing the National Drug Abuse Treatment Clinical Trials Network to Address Opioids,HEAL Research Program
HDP00507,Focusing Medication Development to Prevent and Treat Opioid Use Disorder and Overdose,HEAL Research Program
HDP00508,Enhancing the National Drug Abuse Treatment Clinical Trials Network to Address Opioids,HEAL Research Program
HDP00509,Preventing Opioid Use Disorder,HEAL Research Program
HDP00510,Advancing Clinical Trials in Neonatal Opioid Withdrawal (ACT NOW),HEAL Research Program
HDP00511,Pain Management Effectiveness Research Network (ERN),HEAL Research Program
HDP00512,Justice Community Overdose Innovation Network (JCOIN),HEAL Research Program
HDP00513,Enhancing the National Drug Abuse Treatment Clinical Trials Network to Address Opioids,HEAL Research Program
HDP00514,Small Business Programs,HEAL Research Program
HDP00515,Pain Management Effectiveness Research Network (ERN),HEAL Research Program
HDP00516,Preventing Opioid Use Disorder,HEAL Research Program
HDP00517,Preventing Opioid Use Disorder,HEAL Research Program
HDP00518,Behavioral Research to Improve Medication-Based Treatment,HEAL Research Program
HDP00519,Preventing Opioid Use Disorder,HEAL Research Program
HDP00520,Sleep Dysfunction as a Core Feature of Opioid Use Disorder and Recovery,HEAL Research Program
HDP00521,Sleep Dysfunction as a Core Feature of Opioid Use Disorder and Recovery,HEAL Research Program
HDP00522,Focusing Medication Development to Prevent and Treat Opioid Use Disorder and Overdose,HEAL Research Program
HDP00523,Development and Optimization of Non-Addictive Therapies to Treat Pain,HEAL Research Program
HDP00524,Enhancing the National Drug Abuse Treatment Clinical Trials Network to Address Opioids,HEAL Research Program
HDP00525,,HEAL Studies
HDP00526,Enhancing the National Drug Abuse Treatment Clinical Trials Network to Address Opioids,HEAL Research Program
HDP00527,Pain Management Effectiveness Research Network (ERN),HEAL Research Program
HDP00528,Pain Management Effectiveness Research Network (ERN),HEAL Research Program
HDP00529,Enhancing the National Drug Abuse Treatment Clinical Trials Network to Address Opioids,HEAL Research Program
HDP00530,Enhancing the National Drug Abuse Treatment Clinical Trials Network to Address Opioids,HEAL Research Program
HDP00531,Discovery and Validation of Novel Targets for Safe and Effective Treatment of Pain,HEAL Research Program
HDP00532,Back Pain Consortium Research Program,HEAL Research Program
HDP00533,Preventing Opioid Use Disorder,HEAL Research Program
HDP00534,Enhancing the National Drug Abuse Treatment Clinical Trials Network to Address Opioids,HEAL Research Program
HDP00535,Enhancing the National Drug Abuse Treatment Clinical Trials Network to Address Opioids,HEAL Research Program
HDP00536,Enhancing the National Drug Abuse Treatment Clinical Trials Network to Address Opioids,HEAL Research Program
HDP00537,Discovery and Validation of Novel Targets for Safe and Effective Treatment of Pain,HEAL Research Program
HDP00538,Discovery and Validation of Novel Targets for Safe and Effective Treatment of Pain,HEAL Research Program
HDP00539,"Optimizing the Duration, Retention, and Discontinuation of Medication Treatment for Opioid Use Disorder",HEAL Research Program
HDP00540,Advancing Clinical Trials in Neonatal Opioid Withdrawal (ACT NOW),HEAL Research Program
HDP00541,Discovery and Validation of Novel Targets for Safe and Effective Treatment of Pain,HEAL Research Program
HDP00542,Behavioral Research to Improve Medication-Based Treatment,HEAL Research Program
HDP00543,Pain Management Effectiveness Research Network (ERN),HEAL Research Program
HDP00544,Discovery and Validation of Novel Targets for Safe and Effective Treatment of Pain,HEAL Research Program
HDP00545,Preventing Opioid Use Disorder,HEAL Research Program
HDP00546,Preventing Opioid Use Disorder,HEAL Research Program
HDP00547,Acute to Chronic Pain Signatures Program,HEAL Research Program
HDP00548,Back Pain Consortium Research Program,HEAL Research Program
HDP00549,Enhancing the National Drug Abuse Treatment Clinical Trials Network to Address Opioids,HEAL Research Program
HDP00550,Enhancing the National Drug Abuse Treatment Clinical Trials Network to Address Opioids,HEAL Research Program
HDP00551,Back Pain Consortium Research Program,HEAL Research Program
HDP00552,Preventing Opioid Use Disorder,HEAL Research Program
HDP00553,Justice Community Overdose Innovation Network (JCOIN),HEAL Research Program
HDP00554,Behavioral Research to Improve Medication-Based Treatment,HEAL Research Program
HDP00555,Enhancing the National Drug Abuse Treatment Clinical Trials Network to Address Opioids,HEAL Research Program
HDP00556,Preventing Opioid Use Disorder,HEAL Research Program
HDP00557,Behavioral Research to Improve Medication-Based Treatment,HEAL Research Program
HDP00558,Preventing Opioid Use Disorder,HEAL Research Program
HDP00559,,HEAL Studies
HDP00560,"Optimizing the Duration, Retention, and Discontinuation of Medication Treatment for Opioid Use Disorder",HEAL Research Program
HDP00561,Enhancing the National Drug Abuse Treatment Clinical Trials Network to Address Opioids,HEAL Research Program
HDP00562,Optimizing Care for People with Opioid Use Disorder and Mental Health Conditions,HEAL Research Program
HDP00563,Enhancing the National Drug Abuse Treatment Clinical Trials Network to Address Opioids,HEAL Research Program
HDP00564,Back Pain Consortium Research Program,HEAL Research Program
HDP00565,Enhancing the National Drug Abuse Treatment Clinical Trials Network to Address Opioids,HEAL Research Program
HDP00566,Enhancing the National Drug Abuse Treatment Clinical Trials Network to Address Opioids,HEAL Research Program
HDP00567,,HEAL Studies
HDP00568,Enhancing the National Drug Abuse Treatment Clinical Trials Network to Address Opioids,HEAL Research Program
HDP00569,Preventing Opioid Use Disorder,HEAL Research Program
HDP00570,Enhancing the National Drug Abuse Treatment Clinical Trials Network to Address Opioids,HEAL Research Program
HDP00571,Enhancing the National Drug Abuse Treatment Clinical Trials Network to Address Opioids,HEAL Research Program
HDP00572,Pain Management Effectiveness Research Network (ERN),HEAL Research Program
HDP00573,Small Business Programs,HEAL Research Program
HDP00574,,HEAL Studies
HDP00575,Justice Community Overdose Innovation Network (JCOIN),HEAL Research Program
HDP00576,Pain Management Effectiveness Research Network (ERN),HEAL Research Program
HDP00577,Enhancing the National Drug Abuse Treatment Clinical Trials Network to Address Opioids,HEAL Research Program
HDP00578,Small Business Programs,HEAL Research Program
HDP00579,Enhancing the National Drug Abuse Treatment Clinical Trials Network to Address Opioids,HEAL Research Program
HDP00580,Translating Discoveries into Effective Devices to Treat Pain,HEAL Research Program
HDP00581,Pain Management Effectiveness Research Network (ERN),HEAL Research Program
HDP00582,Preventing Opioid Use Disorder,HEAL Research Program
HDP00583,Discovery and Validation of Novel Targets for Safe and Effective Treatment of Pain,HEAL Research Program
HDP00584,Enhancing the National Drug Abuse Treatment Clinical Trials Network to Address Opioids,HEAL Research Program
HDP00585,,HEAL Studies
HDP00586,Preventing Opioid Use Disorder,HEAL Research Program
HDP00587,Translating Discoveries into Effective Devices to Treat Pain,HEAL Research Program
HDP00588,Enhancing the National Drug Abuse Treatment Clinical Trials Network to Address Opioids,HEAL Research Program
HDP00589,Enhancing the National Drug Abuse Treatment Clinical Trials Network to Address Opioids,HEAL Research Program
HDP00590,Enhancing the National Drug Abuse Treatment Clinical Trials Network to Address Opioids,HEAL Research Program
HDP00591,Enhancing the National Drug Abuse Treatment Clinical Trials Network to Address Opioids,HEAL Research Program
HDP00592,Enhancing the National Drug Abuse Treatment Clinical Trials Network to Address Opioids,HEAL Research Program
HDP00593,Optimizing Care for People with Opioid Use Disorder and Mental Health Conditions,HEAL Research Program
HDP00594,Advancing Clinical Trials in Neonatal Opioid Withdrawal (ACT NOW),HEAL Research Program
HDP00595,Advancing Clinical Trials in Neonatal Opioid Withdrawal (ACT NOW),HEAL Research Program
HDP00596,,HEAL Studies
HDP00597,,HEAL Studies
HDP00598,HEALing Communities Study,HEAL Research Program
HDP00599,Enhancing the National Drug Abuse Treatment Clinical Trials Network to Address Opioids,HEAL Research Program
HDP00600,Early Phase Pain Investigation Clinical Network (EPPIC-Net),HEAL Research Program
HDP00601,Enhancing the National Drug Abuse Treatment Clinical Trials Network to Address Opioids,HEAL Research Program
HDP00602,Preventing Opioid Use Disorder,HEAL Research Program
HDP00603,Enhancing the National Drug Abuse Treatment Clinical Trials Network to Address Opioids,HEAL Research Program
HDP00604,Enhancing the National Drug Abuse Treatment Clinical Trials Network to Address Opioids,HEAL Research Program
HDP00605,Enhancing the National Drug Abuse Treatment Clinical Trials Network to Address Opioids,HEAL Research Program
HDP00606,Discovery and Validation of Novel Targets for Safe and Effective Treatment of Pain,HEAL Research Program
HDP00607,Enhancing the National Drug Abuse Treatment Clinical Trials Network to Address Opioids,HEAL Research Program
HDP00608,Enhancing the National Drug Abuse Treatment Clinical Trials Network to Address Opioids,HEAL Research Program
HDP00609,"Optimizing the Duration, Retention, and Discontinuation of Medication Treatment for Opioid Use Disorder",HEAL Research Program
HDP00610,,HEAL Studies
HDP00611,Preventing Opioid Use Disorder,HEAL Research Program
HDP00612,,HEAL Studies
HDP00613,,HEAL Studies
HDP00614,Prevention of Progression to Moderate or Severe Opioid Use Disorder,HEAL Research Program
HDP00615,Enhancing the National Drug Abuse Treatment Clinical Trials Network to Address Opioids,HEAL Research Program
HDP00616,HEALing Communities Study,HEAL Research Program
HDP00617,Prevention of Progression to Moderate or Severe Opioid Use Disorder,HEAL Research Program
HDP00618,Discovery and Validation of Novel Targets for Safe and Effective Treatment of Pain,HEAL Research Program
HDP00619,Focusing Medication Development to Prevent and Treat Opioid Use Disorder and Overdose,HEAL Research Program
HDP00620,Advancing Clinical Trials in Neonatal Opioid Withdrawal (ACT NOW),HEAL Research Program
HDP00621,Advancing Clinical Trials in Neonatal Opioid Withdrawal (ACT NOW),HEAL Research Program
HDP00622,Enhancing the National Drug Abuse Treatment Clinical Trials Network to Address Opioids,HEAL Research Program
HDP00623,Enhancing the National Drug Abuse Treatment Clinical Trials Network to Address Opioids,HEAL Research Program
HDP00624,Early Phase Pain Investigation Clinical Network (EPPIC-Net),HEAL Research Program
HDP00625,Discovery and Validation of Novel Targets for Safe and Effective Treatment of Pain,HEAL Research Program
HDP00626,Pain Management Effectiveness Research Network (ERN),HEAL Research Program
HDP00627,Discovery and Validation of Novel Targets for Safe and Effective Treatment of Pain,HEAL Research Program
HDP00628,,HEAL Studies
HDP00629,Enhancing the National Drug Abuse Treatment Clinical Trials Network to Address Opioids,HEAL Research Program
HDP00630,,HEAL Studies
HDP00631,Early Phase Pain Investigation Clinical Network (EPPIC-Net),HEAL Research Program
HDP00632,Preventing Opioid Use Disorder,HEAL Research Program
HDP00633,Enhancing the National Drug Abuse Treatment Clinical Trials Network to Address Opioids,HEAL Research Program
HDP00634,Discovery and Validation of Novel Targets for Safe and Effective Treatment of Pain,HEAL Research Program
HDP00635,Advancing Clinical Trials in Neonatal Opioid Withdrawal (ACT NOW),HEAL Research Program
HDP00636,Pain Management Effectiveness Research Network (ERN),HEAL Research Program
HDP00637,Enhancing the National Drug Abuse Treatment Clinical Trials Network to Address Opioids,HEAL Research Program
HDP00638,,HEAL Studies
HDP00639,Pain Management Effectiveness Research Network (ERN),HEAL Research Program
HDP00640,Justice Community Overdose Innovation Network (JCOIN),HEAL Research Program
HDP00641,Enhancing the National Drug Abuse Treatment Clinical Trials Network to Address Opioids,HEAL Research Program
HDP00642,Sleep Dysfunction as a Core Feature of Opioid Use Disorder and Recovery,HEAL Research Program
HDP00643,Justice Community Overdose Innovation Network (JCOIN),HEAL Research Program
HDP00644,Small Business Programs,HEAL Research Program
HDP00645,Back Pain Consortium Research Program,HEAL Research Program
HDP00646,Focusing Medication Development to Prevent and Treat Opioid Use Disorder and Overdose,HEAL Research Program
HDP00647,,HEAL Studies
HDP00648,Early Phase Pain Investigation Clinical Network (EPPIC-Net),HEAL Research Program
HDP00649,Enhancing the National Drug Abuse Treatment Clinical Trials Network to Address Opioids,HEAL Research Program
HDP00650,Enhancing the National Drug Abuse Treatment Clinical Trials Network to Address Opioids,HEAL Research Program
HDP00651,Enhancing the National Drug Abuse Treatment Clinical Trials Network to Address Opioids,HEAL Research Program
HDP00652,Discovery and Validation of Novel Targets for Safe and Effective Treatment of Pain,HEAL Research Program
HDP00653,Enhancing the National Drug Abuse Treatment Clinical Trials Network to Address Opioids,HEAL Research Program
HDP00654,Enhancing the National Drug Abuse Treatment Clinical Trials Network to Address Opioids,HEAL Research Program
HDP00655,Enhancing the National Drug Abuse Treatment Clinical Trials Network to Address Opioids,HEAL Research Program
HDP00656,Early Phase Pain Investigation Clinical Network (EPPIC-Net),HEAL Research Program
HDP00657,Advancing Clinical Trials in Neonatal Opioid Withdrawal (ACT NOW),HEAL Research Program
HDP00658,Enhancing the National Drug Abuse Treatment Clinical Trials Network to Address Opioids,HEAL Research Program
HDP00659,Enhancing the National Drug Abuse Treatment Clinical Trials Network to Address Opioids,HEAL Research Program
HDP00660,Back Pain Consortium Research Program,HEAL Research Program
HDP00661,"Optimizing the Duration, Retention, and Discontinuation of Medication Treatment for Opioid Use Disorder",HEAL Research Program
HDP00662,,HEAL Studies
HDP00663,,HEAL Studies
HDP00664,Justice Community Overdose Innovation Network (JCOIN),HEAL Research Program
HDP00665,Preventing Opioid Use Disorder,HEAL Research Program
HDP00666,,HEAL Studies
HDP00667,Discovery and Validation of Novel Targets for Safe and Effective Treatment of Pain,HEAL Research Program
HDP00668,Back Pain Consortium Research Program,HEAL Research Program
HDP00669,Sleep Dysfunction as a Core Feature of Opioid Use Disorder and Recovery,HEAL Research Program
HDP00670,Enhancing the National Drug Abuse Treatment Clinical Trials Network to Address Opioids,HEAL Research Program
HDP00671,Enhancing the National Drug Abuse Treatment Clinical Trials Network to Address Opioids,HEAL Research Program
HDP00672,Preventing Opioid Use Disorder,HEAL Research Program
HDP00673,Discovery and Validation of Novel Targets for Safe and Effective Treatment of Pain,HEAL Research Program
HDP00674,Preventing Opioid Use Disorder,HEAL Research Program
HDP00675,,HEAL Studies
HDP00676,Translational Research to Advance Testing of Novel Drugs and Human Cell-Based Screening Platforms to Treat Pain and Opioid Use Disorder,HEAL Research Program
HDP00677,Back Pain Consortium Research Program,HEAL Research Program
HDP00678,Enhancing the National Drug Abuse Treatment Clinical Trials Network to Address Opioids,HEAL Research Program
HDP00679,Focusing Medication Development to Prevent and Treat Opioid Use Disorder and Overdose,HEAL Research Program
HDP00680,Discovery and Validation of Novel Targets for Safe and Effective Treatment of Pain,HEAL Research Program
HDP00681,Optimizing Care for People with Opioid Use Disorder and Mental Health Conditions,HEAL Research Program
HDP00682,Early Phase Pain Investigation Clinical Network (EPPIC-Net),HEAL Research Program
HDP00683,,HEAL Studies
HDP00684,Sleep Dysfunction as a Core Feature of Opioid Use Disorder and Recovery,HEAL Research Program
HDP00685,"Optimizing the Duration, Retention, and Discontinuation of Medication Treatment for Opioid Use Disorder",HEAL Research Program
HDP00686,Justice Community Overdose Innovation Network (JCOIN),HEAL Research Program
HDP00687,Sleep Dysfunction as a Core Feature of Opioid Use Disorder and Recovery,HEAL Research Program
HDP00688,Enhancing the National Drug Abuse Treatment Clinical Trials Network to Address Opioids,HEAL Research Program
HDP00689,Enhancing the National Drug Abuse Treatment Clinical Trials Network to Address Opioids,HEAL Research Program
HDP00690,Back Pain Consortium Research Program,HEAL Research Program
HDP00691,,HEAL Studies
HDP00692,Back Pain Consortium Research Program,HEAL Research Program
HDP00693,Preventing Opioid Use Disorder,HEAL Research Program
HDP00694,Advancing Clinical Trials in Neonatal Opioid Withdrawal (ACT NOW),HEAL Research Program
HDP00695,Prevention of Progression to Moderate or Severe Opioid Use Disorder,HEAL Research Program
HDP00696,Optimizing Care for People with Opioid Use Disorder and Mental Health Conditions,HEAL Research Program
HDP00697,Discovery and Validation of Novel Targets for Safe and Effective Treatment of Pain,HEAL Research Program
HDP00698,Enhancing the National Drug Abuse Treatment Clinical Trials Network to Address Opioids,HEAL Research Program
HDP00699,,HEAL Studies
HDP00700,Enhancing the National Drug Abuse Treatment Clinical Trials Network to Address Opioids,HEAL Research Program
HDP00701,Enhancing the National Drug Abuse Treatment Clinical Trials Network to Address Opioids,HEAL Research Program
HDP00702,Discovery and Validation of Novel Targets for Safe and Effective Treatment of Pain,HEAL Research Program
HDP00703,,HEAL Studies
HDP00704,,HEAL Studies
HDP00705,Pain Management Effectiveness Research Network (ERN),HEAL Research Program
HDP00706,Back Pain Consortium Research Program,HEAL Research Program
HDP00707,,HEAL Studies
HDP00708,,HEAL Studies
HDP00709,Focusing Medication Development to Prevent and Treat Opioid Use Disorder and Overdose,HEAL Research Program
HDP00710,Preventing Opioid Use Disorder,HEAL Research Program
HDP00711,,HEAL Studies
HDP00712,Behavioral Research to Improve Medication-Based Treatment,HEAL Research Program
HDP00713,Enhancing the National Drug Abuse Treatment Clinical Trials Network to Address Opioids,HEAL Research Program
HDP00714,,HEAL Studies
HDP00715,Back Pain Consortium Research Program,HEAL Research Program
HDP00716,Justice Community Overdose Innovation Network (JCOIN),HEAL Research Program
HDP00717,,HEAL Studies
HDP00718,,HEAL Studies
HDP00719,Enhancing the National Drug Abuse Treatment Clinical Trials Network to Address Opioids,HEAL Research Program
HDP00720,Enhancing the National Drug Abuse Treatment Clinical Trials Network to Address Opioids,HEAL Research Program
HDP00721,Enhancing the National Drug Abuse Treatment Clinical Trials Network to Address Opioids,HEAL Research Program
HDP00722,Justice Community Overdose Innovation Network (JCOIN),HEAL Research Program
HDP00723,Pain Management Effectiveness Research Network (ERN),HEAL Research Program
HDP00724,Prevention of Progression to Moderate or Severe Opioid Use Disorder,HEAL Research Program
HDP00725,Preventing Opioid Use Disorder,HEAL Research Program
HDP00726,Enhancing the National Drug Abuse Treatment Clinical Trials Network to Address Opioids,HEAL Research Program
HDP00727,Justice Community Overdose Innovation Network (JCOIN),HEAL Research Program
HDP00728,Back Pain Consortium Research Program,HEAL Research Program
HDP00729,Training the Next Generation of Researchers in HEAL,HEAL Research Program
HDP00730,Small Business Programs,HEAL Research Program
HDP00731,Optimizing Care for People with Opioid Use Disorder and Mental Health Conditions,HEAL Research Program
HDP00732,Enhancing the National Drug Abuse Treatment Clinical Trials Network to Address Opioids,HEAL Research Program
HDP00733,Enhancing the National Drug Abuse Treatment Clinical Trials Network to Address Opioids,HEAL Research Program
HDP00734,Optimizing Care for People with Opioid Use Disorder and Mental Health Conditions,HEAL Research Program
HDP00735,Enhancing the National Drug Abuse Treatment Clinical Trials Network to Address Opioids,HEAL Research Program
HDP00736,,HEAL Studies
HDP00737,Pain Management Effectiveness Research Network (ERN),HEAL Research Program
HDP00738,Preventing Opioid Use Disorder,HEAL Research Program
HDP00739,Early Phase Pain Investigation Clinical Network (EPPIC-Net),HEAL Research Program
HDP00740,Prevention of Progression to Moderate or Severe Opioid Use Disorder,HEAL Research Program
HDP00741,Enhancing the National Drug Abuse Treatment Clinical Trials Network to Address Opioids,HEAL Research Program
HDP00742,Early Phase Pain Investigation Clinical Network (EPPIC-Net),HEAL Research Program
HDP00743,Enhancing the National Drug Abuse Treatment Clinical Trials Network to Address Opioids,HEAL Research Program
HDP00744,Focusing Medication Development to Prevent and Treat Opioid Use Disorder and Overdose,HEAL Research Program
HDP00745,,HEAL Studies
HDP00746,Small Business Programs,HEAL Research Program
HDP00747,Preventing Opioid Use Disorder,HEAL Research Program
HDP00748,Discovery and Validation of Novel Targets for Safe and Effective Treatment of Pain,HEAL Research Program
HDP00749,Discovery and Validation of Novel Targets for Safe and Effective Treatment of Pain,HEAL Research Program
HDP00750,Discovery and Validation of Novel Targets for Safe and Effective Treatment of Pain,HEAL Research Program
HDP00751,Justice Community Overdose Innovation Network (JCOIN),HEAL Research Program
HDP00752,Translational Research to Advance Testing of Novel Drugs and Human Cell-Based Screening Platforms to Treat Pain and Opioid Use Disorder,HEAL Research Program
HDP00753,HEALthy Brain and Child Development (HBCD) Study,HEAL Research Program
HDP00754,Discovery and Validation of Novel Targets for Safe and Effective Treatment of Pain,HEAL Research Program
HDP00755,Justice Community Overdose Innovation Network (JCOIN),HEAL Research Program
HDP00756,HEALthy Brain and Child Development (HBCD) Study,HEAL Research Program
HDP00757,Focusing Medication Development to Prevent and Treat Opioid Use Disorder and Overdose,HEAL Research Program
HDP00758,HEALthy Brain and Child Development (HBCD) Study,HEAL Research Program
HDP00759,Pain Management Effectiveness Research Network (ERN),HEAL Research Program
HDP00760,HEALthy Brain and Child Development (HBCD) Study,HEAL Research Program
HDP00761,Focusing Medication Development to Prevent and Treat Opioid Use Disorder and Overdose,HEAL Research Program
HDP00762,Enhancing the National Drug Abuse Treatment Clinical Trials Network to Address Opioids,HEAL Research Program
HDP00763,,HEAL Studies
HDP00764,Enhancing the National Drug Abuse Treatment Clinical Trials Network to Address Opioids,HEAL Research Program
HDP00765,Focusing Medication Development to Prevent and Treat Opioid Use Disorder and Overdose,HEAL Research Program
HDP00766,Small Business Programs,HEAL Research Program
HDP00767,Preventing Opioid Use Disorder,HEAL Research Program
HDP00768,HEALthy Brain and Child Development (HBCD) Study,HEAL Research Program
HDP00769,HEALthy Brain and Child Development (HBCD) Study,HEAL Research Program
HDP00770,,HEAL Studies
HDP00771,,HEAL Studies
HDP00772,Focusing Medication Development to Prevent and Treat Opioid Use Disorder and Overdose,HEAL Research Program
HDP00773,Enhancing the National Drug Abuse Treatment Clinical Trials Network to Address Opioids,HEAL Research Program
HDP00774,HEALthy Brain and Child Development (HBCD) Study,HEAL Research Program
HDP00775,HEALthy Brain and Child Development (HBCD) Study,HEAL Research Program
HDP00776,HEALthy Brain and Child Development (HBCD) Study,HEAL Research Program
HDP00777,HEALthy Brain and Child Development (HBCD) Study,HEAL Research Program
HDP00778,,HEAL Studies
HDP00779,,HEAL Studies
HDP00780,Focusing Medication Development to Prevent and Treat Opioid Use Disorder and Overdose,HEAL Research Program
HDP00781,HEALthy Brain and Child Development (HBCD) Study,HEAL Research Program
HDP00782,Small Business Programs,HEAL Research Program
HDP00783,Small Business Programs,HEAL Research Program
HDP00784,HEALthy Brain and Child Development (HBCD) Study,HEAL Research Program
HDP00785,HEALthy Brain and Child Development (HBCD) Study,HEAL Research Program
HDP00786,HEALthy Brain and Child Development (HBCD) Study,HEAL Research Program
HDP00787,Preventing Opioid Use Disorder,HEAL Research Program
HDP00788,Justice Community Overdose Innovation Network (JCOIN),HEAL Research Program
HDP00789,Focusing Medication Development to Prevent and Treat Opioid Use Disorder and Overdose,HEAL Research Program
HDP00790,Small Business Programs,HEAL Research Program
HDP00791,Behavioral Research to Improve Medication-Based Treatment,HEAL Research Program
HDP00792,HEALthy Brain and Child Development (HBCD) Study,HEAL Research Program
HDP00793,Early Phase Pain Investigation Clinical Network (EPPIC-Net),HEAL Research Program
HDP00794,Back Pain Consortium Research Program,HEAL Research Program
HDP00795,Pragmatic and Implementation Studies for the Management of Pain to Reduce Opioid Prescribing (PRISM),HEAL Research Program
HDP00796,Translating Discoveries into Effective Devices to Treat Pain,HEAL Research Program
HDP00797,,HEAL Studies
HDP00798,Focusing Medication Development to Prevent and Treat Opioid Use Disorder and Overdose,HEAL Research Program
HDP00799,,HEAL Studies
HDP00800,Reducing Opioid-Related Harms to Treat Chronic Pain (IMPOWR and MIRHIQL),HEAL Research Program
HDP00801,Pragmatic and Implementation Studies for the Management of Pain to Reduce Opioid Prescribing (PRISM),HEAL Research Program
HDP00802,Enhancing the National Drug Abuse Treatment Clinical Trials Network to Address Opioids,HEAL Research Program
HDP00803,HEALthy Brain and Child Development (HBCD) Study,HEAL Research Program
HDP00804,HEALthy Brain and Child Development (HBCD) Study,HEAL Research Program
HDP00805,HEALthy Brain and Child Development (HBCD) Study,HEAL Research Program
HDP00806,HEALthy Brain and Child Development (HBCD) Study,HEAL Research Program
HDP00807,Focusing Medication Development to Prevent and Treat Opioid Use Disorder and Overdose,HEAL Research Program
HDP00808,HEALthy Brain and Child Development (HBCD) Study,HEAL Research Program
HDP00809,HEALthy Brain and Child Development (HBCD) Study,HEAL Research Program
HDP00810,HEALthy Brain and Child Development (HBCD) Study,HEAL Research Program
HDP00811,Enhancing the National Drug Abuse Treatment Clinical Trials Network to Address Opioids,HEAL Research Program
HDP00812,Advancing Clinical Trials in Neonatal Opioid Withdrawal (ACT NOW),HEAL Research Program
HDP00813,HEALthy Brain and Child Development (HBCD) Study,HEAL Research Program
HDP00814,HEALthy Brain and Child Development (HBCD) Study,HEAL Research Program
HDP00815,HEALthy Brain and Child Development (HBCD) Study,HEAL Research Program
HDP00816,HEALthy Brain and Child Development (HBCD) Study,HEAL Research Program
HDP00817,Justice Community Overdose Innovation Network (JCOIN),HEAL Research Program
HDP00818,Enhancing the National Drug Abuse Treatment Clinical Trials Network to Address Opioids,HEAL Research Program
HDP00819,HEALthy Brain and Child Development (HBCD) Study,HEAL Research Program
HDP00820,HEALthy Brain and Child Development (HBCD) Study,HEAL Research Program
HDP00821,HEALthy Brain and Child Development (HBCD) Study,HEAL Research Program
HDP00822,Behavioral Research to Improve Medication-Based Treatment,HEAL Research Program
HDP00823,Training the Next Generation of Researchers in HEAL,HEAL Research Program
HDP00824,Discovery and Validation of Novel Targets for Safe and Effective Treatment of Pain,HEAL Research Program
HDP00825,Behavioral Research to Improve Medication-Based Treatment,HEAL Research Program
HDP00826,Discovery and Validation of Novel Targets for Safe and Effective Treatment of Pain,HEAL Research Program
HDP00827,HEALthy Brain and Child Development (HBCD) Study,HEAL Research Program
HDP00828,Behavioral Research to Improve Medication-Based Treatment,HEAL Research Program
HDP00829,HEALthy Brain and Child Development (HBCD) Study,HEAL Research Program
HDP00830,Training the Next Generation of Researchers in HEAL,HEAL Research Program
HDP00831,Training the Next Generation of Researchers in HEAL,HEAL Research Program
HDP00832,Sleep Dysfunction as a Core Feature of Opioid Use Disorder and Recovery,HEAL Research Program
HDP00833,Enhancing the National Drug Abuse Treatment Clinical Trials Network to Address Opioids,HEAL Research Program
HDP00834,Justice Community Overdose Innovation Network (JCOIN),HEAL Research Program
HDP00835,Small Business Programs,HEAL Research Program
HDP00836,HEALthy Brain and Child Development (HBCD) Study,HEAL Research Program
HDP00837,HEALthy Brain and Child Development (HBCD) Study,HEAL Research Program
HDP00838,HEALthy Brain and Child Development (HBCD) Study,HEAL Research Program
HDP00839,HEALthy Brain and Child Development (HBCD) Study,HEAL Research Program
HDP00840,HEALthy Brain and Child Development (HBCD) Study,HEAL Research Program
HDP00841,HEALthy Brain and Child Development (HBCD) Study,HEAL Research Program
HDP00842,HEALthy Brain and Child Development (HBCD) Study,HEAL Research Program
HDP00843,HEALthy Brain and Child Development (HBCD) Study,HEAL Research Program
HDP00844,HEALthy Brain and Child Development (HBCD) Study,HEAL Research Program
HDP00845,HEALthy Brain and Child Development (HBCD) Study,HEAL Research Program
HDP00846,Optimizing Care for People with Opioid Use Disorder and Mental Health Conditions,HEAL Research Program
HDP00847,Optimizing Care for People with Opioid Use Disorder and Mental Health Conditions,HEAL Research Program
HDP00848,Justice Community Overdose Innovation Network (JCOIN),HEAL Research Program
HDP00849,Early Phase Pain Investigation Clinical Network (EPPIC-Net),HEAL Research Program
HDP00850,Sleep Dysfunction as a Core Feature of Opioid Use Disorder and Recovery,HEAL Research Program
HDP00851,Sleep Dysfunction as a Core Feature of Opioid Use Disorder and Recovery,HEAL Research Program
HDP00852,HEALing Communities Study,HEAL Research Program
HDP00853,HEALing Communities Study,HEAL Research Program
HDP00855,HEALing Communities Study,HEAL Research Program
HDP00856,HEALthy Brain and Child Development (HBCD) Study,HEAL Research Program
HDP00857,HEALing Communities Study,HEAL Research Program
HDP00858,Small Business Programs,HEAL Research Program
HDP00859,HEALthy Brain and Child Development (HBCD) Study,HEAL Research Program
HDP00860,Pain Management Effectiveness Research Network (ERN),HEAL Research Program
HDP00861,HEALthy Brain and Child Development (HBCD) Study,HEAL Research Program
HDP00862,Enhancing the National Drug Abuse Treatment Clinical Trials Network to Address Opioids,HEAL Research Program
HDP00863,Discovery and Validation of Novel Targets for Safe and Effective Treatment of Pain,HEAL Research Program
HDP00864,Discovery and Validation of Novel Targets for Safe and Effective Treatment of Pain,HEAL Research Program
HDP00865,Pain Management Effectiveness Research Network (ERN),HEAL Research Program
HDP00866,Justice Community Overdose Innovation Network (JCOIN),HEAL Research Program
HDP00867,Integrated Approach to Pain and Opioid Use in Hemodialysis Patients,HEAL Research Program
HDP00868,Early Phase Pain Investigation Clinical Network (EPPIC-Net),HEAL Research Program
HDP00869,HEALthy Brain and Child Development (HBCD) Study,HEAL Research Program
HDP00870,Justice Community Overdose Innovation Network (JCOIN),HEAL Research Program
HDP00871,HEALthy Brain and Child Development (HBCD) Study,HEAL Research Program
HDP00872,Small Business Programs,HEAL Research Program
HDP00873,Focusing Medication Development to Prevent and Treat Opioid Use Disorder and Overdose,HEAL Research Program
HDP00874,Small Business Programs,HEAL Research Program
HDP00875,HEALthy Brain and Child Development (HBCD) Study,HEAL Research Program
HDP00876,HEALthy Brain and Child Development (HBCD) Study,HEAL Research Program
HDP00877,HEALthy Brain and Child Development (HBCD) Study,HEAL Research Program
HDP00878,Justice Community Overdose Innovation Network (JCOIN),HEAL Research Program
HDP00879,Focusing Medication Development to Prevent and Treat Opioid Use Disorder and Overdose,HEAL Research Program
HDP00880,HEALthy Brain and Child Development (HBCD) Study,HEAL Research Program
HDP00881,,HEAL Studies
HDP00882,"Optimizing the Duration, Retention, and Discontinuation of Medication Treatment for Opioid Use Disorder",HEAL Research Program
HDP00883,"Optimizing the Duration, Retention, and Discontinuation of Medication Treatment for Opioid Use Disorder",HEAL Research Program
HDP00884,,HEAL Studies
HDP00885,,HEAL Studies
HDP00886,,HEAL Studies
HDP00887,HEAL Data2Action (HD2A),HEAL Research Program
HDP00888,Training the Next Generation of Researchers in HEAL,HEAL Research Program
HDP00889,Leveraging Existing and Real-Time Opioid and Pain Management Data,HEAL Research Program
HDP00890,Restoring Joint Health and Function to Reduce Pain (RE-JOIN),HEAL Research Program
HDP00891,Discovery and Validation of Novel Targets for Safe and Effective Treatment of Pain,HEAL Research Program
HDP00892,Small Business Programs,HEAL Research Program
HDP00893,Advancing Health Equity in Pain Management,HEAL Research Program
HDP00894,,HEAL Studies
HDP00895,Discovery and Validation of Novel Targets for Safe and Effective Treatment of Pain,HEAL Research Program
HDP00896,Improving Delivery of Healthcare Services for Polysubstance Use,HEAL Research Program
HDP00897,Training the Next Generation of Researchers in HEAL,HEAL Research Program
HDP00898,Development and Optimization of Non-Addictive Therapies to Treat Pain,HEAL Research Program
HDP00899,Improving Delivery of Healthcare Services for Polysubstance Use,HEAL Research Program
HDP00900,Discovery and Validation of Novel Targets for Safe and Effective Treatment of Pain,HEAL Research Program
HDP00901,Improving Delivery of Healthcare Services for Polysubstance Use,HEAL Research Program
HDP00902,Discovery and Validation of Novel Targets for Safe and Effective Treatment of Pain,HEAL Research Program
HDP00903,Development and Optimization of Non-Addictive Therapies to Treat Pain,HEAL Research Program
HDP00904,Advancing Health Equity in Pain Management,HEAL Research Program
HDP00905,Development and Optimization of Non-Addictive Therapies to Treat Pain,HEAL Research Program
HDP00906,Focusing Medication Development to Prevent and Treat Opioid Use Disorder and Overdose,HEAL Research Program
HDP00907,HEAL Data2Action (HD2A),HEAL Research Program
HDP00908,Recovery Research Networks,HEAL Research Program
HDP00909,Advancing Health Equity in Pain Management,HEAL Research Program
HDP00910,Focusing Medication Development to Prevent and Treat Opioid Use Disorder and Overdose,HEAL Research Program
HDP00911,Advancing Health Equity in Pain Management,HEAL Research Program
HDP00912,Development and Optimization of Non-Addictive Therapies to Treat Pain,HEAL Research Program
HDP00913,Early Phase Pain Investigation Clinical Network (EPPIC-Net),HEAL Research Program
HDP00914,HEAL Data2Action (HD2A),HEAL Research Program
HDP00915,Focusing Medication Development to Prevent and Treat Opioid Use Disorder and Overdose,HEAL Research Program
HDP00916,Improving Delivery of Healthcare Services for Polysubstance Use,HEAL Research Program
HDP00917,Leveraging Existing and Real-Time Opioid and Pain Management Data,HEAL Research Program
HDP00918,Focusing Medication Development to Prevent and Treat Opioid Use Disorder and Overdose,HEAL Research Program
HDP00919,Leveraging Existing and Real-Time Opioid and Pain Management Data,HEAL Research Program
HDP00920,Discovery and Validation of Novel Targets for Safe and Effective Treatment of Pain,HEAL Research Program
HDP00921,Development and Optimization of Non-Addictive Therapies to Treat Pain,HEAL Research Program
HDP00922,"Discovery and Validation of Biomarkers, Endpoints, and Signatures for Pain Conditions",HEAL Research Program
HDP00923,Preventing Opioid Use Disorder,HEAL Research Program
HDP00924,Advancing Health Equity in Pain Management,HEAL Research Program
HDP00925,Small Business Programs,HEAL Research Program
HDP00926,Development and Optimization of Non-Addictive Therapies to Treat Pain,HEAL Research Program
HDP00927,Leveraging Existing and Real-Time Opioid and Pain Management Data,HEAL Research Program
HDP00928,Small Business Programs,HEAL Research Program
HDP00929,Advancing Health Equity in Pain Management,HEAL Research Program
HDP00930,Training the Next Generation of Researchers in HEAL,HEAL Research Program
HDP00931,Leveraging Existing and Real-Time Opioid and Pain Management Data,HEAL Research Program
HDP00932,Leveraging Existing and Real-Time Opioid and Pain Management Data,HEAL Research Program
HDP00933,"Discovery and Validation of Biomarkers, Endpoints, and Signatures for Pain Conditions",HEAL Research Program
HDP00934,Training the Next Generation of Researchers in HEAL,HEAL Research Program
HDP00935,Training the Next Generation of Researchers in HEAL,HEAL Research Program
HDP00936,Focusing Medication Development to Prevent and Treat Opioid Use Disorder and Overdose,HEAL Research Program
HDP00937,Restoring Joint Health and Function to Reduce Pain (RE-JOIN),HEAL Research Program
HDP00938,Leveraging Existing and Real-Time Opioid and Pain Management Data,HEAL Research Program
HDP00939,Discovery and Validation of Novel Targets for Safe and Effective Treatment of Pain,HEAL Research Program
HDP00940,Development and Optimization of Non-Addictive Therapies to Treat Pain,HEAL Research Program
HDP00941,Advancing Health Equity in Pain Management,HEAL Research Program
HDP00942,Leveraging Existing and Real-Time Opioid and Pain Management Data,HEAL Research Program
HDP00943,Focusing Medication Development to Prevent and Treat Opioid Use Disorder and Overdose,HEAL Research Program
HDP00944,Improving Delivery of Healthcare Services for Polysubstance Use,HEAL Research Program
HDP00945,Small Business Programs,HEAL Research Program
HDP00946,Advancing Health Equity in Pain Management,HEAL Research Program
HDP00947,Focusing Medication Development to Prevent and Treat Opioid Use Disorder and Overdose,HEAL Research Program
HDP00948,Small Business Programs,HEAL Research Program
HDP00949,Translating Discoveries into Effective Devices to Treat Pain,HEAL Research Program
HDP00950,Small Business Programs,HEAL Research Program
HDP00951,Restoring Joint Health and Function to Reduce Pain (RE-JOIN),HEAL Research Program
HDP00952,Leveraging Existing and Real-Time Opioid and Pain Management Data,HEAL Research Program
HDP00953,Small Business Programs,HEAL Research Program
HDP00954,Focusing Medication Development to Prevent and Treat Opioid Use Disorder and Overdose,HEAL Research Program
HDP00955,Recovery Research Networks,HEAL Research Program
HDP00956,Development and Optimization of Non-Addictive Therapies to Treat Pain,HEAL Research Program
HDP00957,Leveraging Existing and Real-Time Opioid and Pain Management Data,HEAL Research Program
HDP00958,Small Business Programs,HEAL Research Program
HDP00959,Improving Delivery of Healthcare Services for Polysubstance Use,HEAL Research Program
HDP00960,Restoring Joint Health and Function to Reduce Pain (RE-JOIN),HEAL Research Program
HDP00961,Leveraging Existing and Real-Time Opioid and Pain Management Data,HEAL Research Program
HDP00962,,HEAL Studies
HDP00963,Leveraging Existing and Real-Time Opioid and Pain Management Data,HEAL Research Program
HDP00964,Improving Delivery of Healthcare Services for Polysubstance Use,HEAL Research Program
HDP00965,HEAL Data2Action (HD2A),HEAL Research Program
HDP00966,Small Business Programs,HEAL Research Program
HDP00967,Small Business Programs,HEAL Research Program
HDP00968,Focusing Medication Development to Prevent and Treat Opioid Use Disorder and Overdose,HEAL Research Program
HDP00969,Recovery Research Networks,HEAL Research Program
HDP00970,Focusing Medication Development to Prevent and Treat Opioid Use Disorder and Overdose,HEAL Research Program
HDP00971,Discovery and Validation of Novel Targets for Safe and Effective Treatment of Pain,HEAL Research Program
HDP00972,Focusing Medication Development to Prevent and Treat Opioid Use Disorder and Overdose,HEAL Research Program
HDP00973,Leveraging Existing and Real-Time Opioid and Pain Management Data,HEAL Research Program
HDP00974,"Discovery and Validation of Biomarkers, Endpoints, and Signatures for Pain Conditions",HEAL Research Program
HDP00975,Leveraging Existing and Real-Time Opioid and Pain Management Data,HEAL Research Program
HDP00976,,HEAL Studies
HDP00977,Focusing Medication Development to Prevent and Treat Opioid Use Disorder and Overdose,HEAL Research Program
HDP00978,Focusing Medication Development to Prevent and Treat Opioid Use Disorder and Overdose,HEAL Research Program
HDP00979,Improving Delivery of Healthcare Services for Polysubstance Use,HEAL Research Program
HDP00980,Advancing Health Equity in Pain Management,HEAL Research Program
HDP00981,Leveraging Existing and Real-Time Opioid and Pain Management Data,HEAL Research Program
HDP00982,Translating Discoveries into Effective Devices to Treat Pain,HEAL Research Program
HDP00983,Training the Next Generation of Researchers in HEAL,HEAL Research Program
HDP00984,Leveraging Existing and Real-Time Opioid and Pain Management Data,HEAL Research Program
HDP00985,Development and Optimization of Non-Addictive Therapies to Treat Pain,HEAL Research Program
HDP00986,Discovery and Validation of Novel Targets for Safe and Effective Treatment of Pain,HEAL Research Program
HDP00987,HEAL Data2Action (HD2A),HEAL Research Program
HDP00988,HEAL Data2Action (HD2A),HEAL Research Program
HDP00989,Small Business Programs,HEAL Research Program
HDP00990,Discovery and Validation of Novel Targets for Safe and Effective Treatment of Pain,HEAL Research Program
HDP00991,Focusing Medication Development to Prevent and Treat Opioid Use Disorder and Overdose,HEAL Research Program
HDP00992,Improving Delivery of Healthcare Services for Polysubstance Use,HEAL Research Program
HDP00993,Discovery and Validation of Novel Targets for Safe and Effective Treatment of Pain,HEAL Research Program
HDP00994,Advancing Health Equity in Pain Management,HEAL Research Program
HDP00995,Discovery and Validation of Novel Targets for Safe and Effective Treatment of Pain,HEAL Research Program
HDP00996,Restoring Joint Health and Function to Reduce Pain (RE-JOIN),HEAL Research Program
HDP00997,Focusing Medication Development to Prevent and Treat Opioid Use Disorder and Overdose,HEAL Research Program
HDP00998,Recovery Research Networks,HEAL Research Program
HDP00999,HEAL Data2Action (HD2A),HEAL Research Program
HDP01000,Leveraging Existing and Real-Time Opioid and Pain Management Data,HEAL Research Program
HDP01001,Leveraging Existing and Real-Time Opioid and Pain Management Data,HEAL Research Program
HDP01002,,HEAL Studies
HDP01003,HEAL Data2Action (HD2A),HEAL Research Program
HDP01004,"Discovery and Validation of Biomarkers, Endpoints, and Signatures for Pain Conditions",HEAL Research Program
HDP01005,Leveraging Existing and Real-Time Opioid and Pain Management Data,HEAL Research Program
HDP01006,Leveraging Existing and Real-Time Opioid and Pain Management Data,HEAL Research Program
HDP01007,Development and Optimization of Non-Addictive Therapies to Treat Pain,HEAL Research Program
HDP01008,Small Business Programs,HEAL Research Program
HDP01009,Focusing Medication Development to Prevent and Treat Opioid Use Disorder and Overdose,HEAL Research Program
HDP01010,Training the Next Generation of Researchers in HEAL,HEAL Research Program
HDP01011,Advancing Health Equity in Pain Management,HEAL Research Program
HDP01012,Recovery Research Networks,HEAL Research Program
HDP01013,,HEAL Studies
HDP01014,Small Business Programs,HEAL Research Program
HDP01015,Leveraging Existing and Real-Time Opioid and Pain Management Data,HEAL Research Program
HDP01016,Small Business Programs,HEAL Research Program
HDP01017,Training the Next Generation of Researchers in HEAL,HEAL Research Program
HDP01018,"Discovery and Validation of Biomarkers, Endpoints, and Signatures for Pain Conditions",HEAL Research Program
HDP01019,Discovery and Validation of Novel Targets for Safe and Effective Treatment of Pain,HEAL Research Program
HDP01020,Discovery and Validation of Novel Targets for Safe and Effective Treatment of Pain,HEAL Research Program
HDP01021,HEAL Data2Action (HD2A),HEAL Research Program
HDP01022,Leveraging Existing and Real-Time Opioid and Pain Management Data,HEAL Research Program
HDP01023,Training the Next Generation of Researchers in HEAL,HEAL Research Program
HDP01024,Training the Next Generation of Researchers in HEAL,HEAL Research Program
HDP01025,,HEAL Studies
HDP01026,Leveraging Existing and Real-Time Opioid and Pain Management Data,HEAL Research Program
HDP01027,Leveraging Existing and Real-Time Opioid and Pain Management Data,HEAL Research Program
HDP01028,Training the Next Generation of Researchers in HEAL,HEAL Research Program
HDP01029,Translating Discoveries into Effective Devices to Treat Pain,HEAL Research Program
HDP01030,Training the Next Generation of Researchers in HEAL,HEAL Research Program
HDP01031,Leveraging Existing and Real-Time Opioid and Pain Management Data,HEAL Research Program
HDP01032,"Discovery and Validation of Biomarkers, Endpoints, and Signatures for Pain Conditions",HEAL Research Program
HDP01033,Recovery Research Networks,HEAL Research Program
HDP01034,Focusing Medication Development to Prevent and Treat Opioid Use Disorder and Overdose,HEAL Research Program
HDP01035,HEAL Data2Action (HD2A),HEAL Research Program
HDP01036,HEAL Data2Action (HD2A),HEAL Research Program
HDP01037,HEAL Data2Action (HD2A),HEAL Research Program
HDP01038,HEAL Data2Action (HD2A),HEAL Research Program
HDP01039,Discovery and Validation of Novel Targets for Safe and Effective Treatment of Pain,HEAL Research Program
HDP01040,Discovery and Validation of Novel Targets for Safe and Effective Treatment of Pain,HEAL Research Program
HDP01041,Discovery and Validation of Novel Targets for Safe and Effective Treatment of Pain,HEAL Research Program
HDP01042,Discovery and Validation of Novel Targets for Safe and Effective Treatment of Pain,HEAL Research Program
HDP01043,Discovery and Validation of Novel Targets for Safe and Effective Treatment of Pain,HEAL Research Program
HDP01044,Discovery and Validation of Novel Targets for Safe and Effective Treatment of Pain,HEAL Research Program
HDP01045,Reducing Opioid-Related Harms to Treat Chronic Pain (IMPOWR and MIRHIQL),HEAL Research Program
HDP01046,Reducing Opioid-Related Harms to Treat Chronic Pain (IMPOWR and MIRHIQL),HEAL Research Program
HDP01047,Reducing Opioid-Related Harms to Treat Chronic Pain (IMPOWR and MIRHIQL),HEAL Research Program
HDP01048,Reducing Opioid-Related Harms to Treat Chronic Pain (IMPOWR and MIRHIQL),HEAL Research Program
HDP01049,Reducing Opioid-Related Harms to Treat Chronic Pain (IMPOWR and MIRHIQL),HEAL Research Program
HDP01050,Early Phase Pain Investigation Clinical Network (EPPIC-Net),HEAL Research Program
HDP01051,Early Phase Pain Investigation Clinical Network (EPPIC-Net),HEAL Research Program
HDP01052,Harm Reduction Research Network,HEAL Research Program
HDP01053,,HEAL Studies
HDP01054,,HEAL Studies
HDP01055,Small Business Programs,HEAL Research Program
HDP01056,Harm Reduction Research Network,HEAL Research Program
HDP01057,Harm Reduction Research Network,HEAL Research Program
HDP01058,Harm Reduction Research Network,HEAL Research Program
HDP01059,Training the Next Generation of Researchers in HEAL,HEAL Research Program
HDP01060,Harm Reduction Research Network,HEAL Research Program
HDP01061,,HEAL Studies
HDP01062,,HEAL Studies
HDP01063,Discovery and Validation of Novel Targets for Safe and Effective Treatment of Pain,HEAL Research Program
HDP01064,Harm Reduction Research Network,HEAL Research Program
HDP01068,Harm Reduction Research Network,HEAL Research Program
HDP01069,Acute to Chronic Pain Signatures Program,HEAL Research Program
HDP01070,Discovery and Validation of Novel Targets for Safe and Effective Treatment of Pain,HEAL Research Program
HDP01071,Harm Reduction Research Network,HEAL Research Program
HDP01072,Harm Reduction Research Network,HEAL Research Program
HDP01073,Harm Reduction Research Network,HEAL Research Program
HDP01074,Focusing Medication Development to Prevent and Treat Opioid Use Disorder and Overdose,HEAL Research Program
HDP01075,,HEAL Studies
HDP01076,,HEAL Studies
HDP01077,Prevention and Management of Chronic Pain in Rural Populations,HEAL Research Program
HDP01078,Small Business Programs,HEAL Research Program
HDP01079,Discovery and Validation of Novel Targets for Safe and Effective Treatment of Pain,HEAL Research Program
HDP01080,Small Business Programs,HEAL Research Program
HDP01081,Development and Optimization of Non-Addictive Therapies to Treat Pain,HEAL Research Program
HDP01082,Small Business Programs,HEAL Research Program
HDP01083,Discovery and Validation of Novel Targets for Safe and Effective Treatment of Pain,HEAL Research Program
HDP01084,Development and Optimization of Non-Addictive Therapies to Treat Pain,HEAL Research Program
HDP01085,Focusing Medication Development to Prevent and Treat Opioid Use Disorder and Overdose,HEAL Research Program
HDP01086,Small Business Programs,HEAL Research Program
HDP01087,Small Business Programs,HEAL Research Program
HDP01088,Focusing Medication Development to Prevent and Treat Opioid Use Disorder and Overdose,HEAL Research Program
HDP01089,Small Business Programs,HEAL Research Program
HDP01090,Focusing Medication Development to Prevent and Treat Opioid Use Disorder and Overdose,HEAL Research Program
HDP01091,Development and Optimization of Non-Addictive Therapies to Treat Pain,HEAL Research Program
HDP01092,Small Business Programs,HEAL Research Program
HDP01093,Small Business Programs,HEAL Research Program
HDP01094,Small Business Programs,HEAL Research Program
HDP01095,Small Business Programs,HEAL Research Program
HDP01096,Small Business Programs,HEAL Research Program
HDP01097,Small Business Programs,HEAL Research Program
HDP01098,,HEAL Studies
HDP01099,Small Business Programs,HEAL Research Program
HDP01100,Discovery and Validation of Novel Targets for Safe and Effective Treatment of Pain,HEAL Research Program
HDP01101,Development and Optimization of Non-Addictive Therapies to Treat Pain,HEAL Research Program
HDP01102,Reducing Opioid-Related Harms to Treat Chronic Pain (IMPOWR and MIRHIQL),HEAL Research Program
HDP01103,Small Business Programs,HEAL Research Program
HDP01104,HEALthy Brain and Child Development (HBCD) Study,HEAL Research Program
HDP01105,Reducing Opioid-Related Harms to Treat Chronic Pain (IMPOWR and MIRHIQL),HEAL Research Program
HDP01106,Reducing Opioid-Related Harms to Treat Chronic Pain (IMPOWR and MIRHIQL),HEAL Research Program
HDP01107,Training the Next Generation of Researchers in HEAL,HEAL Research Program
HDP01108,Prevention and Management of Chronic Pain in Rural Populations,HEAL Research Program
HDP01109,HEALthy Brain and Child Development (HBCD) Study,HEAL Research Program
HDP01110,HEAL Data2Action (HD2A),HEAL Research Program
HDP01111,The Biology of Opioid Exposure during Pregnancy and Effects on Early Neuro-Behavioral Development,HEAL Research Program
HDP01112,Reducing Opioid-Related Harms to Treat Chronic Pain (IMPOWR and MIRHIQL),HEAL Research Program
HDP01113,Reducing Opioid-Related Harms to Treat Chronic Pain (IMPOWR and MIRHIQL),HEAL Research Program
HDP01114,The Biology of Opioid Exposure during Pregnancy and Effects on Early Neuro-Behavioral Development,HEAL Research Program
HDP01115,"Optimizing the Quality, Reach, and Impact of Addiction Services",HEAL Research Program
HDP01116,HEALthy Brain and Child Development (HBCD) Study,HEAL Research Program
HDP01117,Pain Management Effectiveness Research Network (ERN),HEAL Research Program
HDP01118,HEAL Data2Action (HD2A),HEAL Research Program
HDP01119,The Biology of Opioid Exposure during Pregnancy and Effects on Early Neuro-Behavioral Development,HEAL Research Program
HDP01120,Focusing Medication Development to Prevent and Treat Opioid Use Disorder and Overdose,HEAL Research Program
HDP01121,Focusing Medication Development to Prevent and Treat Opioid Use Disorder and Overdose,HEAL Research Program
HDP01122,Focusing Medication Development to Prevent and Treat Opioid Use Disorder and Overdose,HEAL Research Program
HDP01123,Acute to Chronic Pain Signatures Program,HEAL Research Program
HDP01124,Small Business Programs,HEAL Research Program
HDP01125,Small Business Programs,HEAL Research Program
HDP01126,Small Business Programs,HEAL Research Program
HDP01127,The Biology of Opioid Exposure during Pregnancy and Effects on Early Neuro-Behavioral Development,HEAL Research Program
HDP01128,Small Business Programs,HEAL Research Program
HDP01129,Development and Optimization of Non-Addictive Therapies to Treat Pain,HEAL Research Program
HDP01130,Development and Optimization of Non-Addictive Therapies to Treat Pain,HEAL Research Program
HDP01131,Focusing Medication Development to Prevent and Treat Opioid Use Disorder and Overdose,HEAL Research Program
HDP01132,HEALthy Brain and Child Development (HBCD) Study,HEAL Research Program
HDP01133,The Biology of Opioid Exposure during Pregnancy and Effects on Early Neuro-Behavioral Development,HEAL Research Program
HDP01134,HEALthy Brain and Child Development (HBCD) Study,HEAL Research Program
HDP01135,The Biology of Opioid Exposure during Pregnancy and Effects on Early Neuro-Behavioral Development,HEAL Research Program
HDP01136,Focusing Medication Development to Prevent and Treat Opioid Use Disorder and Overdose,HEAL Research Program
HDP01137,Focusing Medication Development to Prevent and Treat Opioid Use Disorder and Overdose,HEAL Research Program
HDP01138,HEALthy Brain and Child Development (HBCD) Study,HEAL Research Program
HDP01139,The Biology of Opioid Exposure during Pregnancy and Effects on Early Neuro-Behavioral Development,HEAL Research Program
HDP01140,,HEAL Studies
HDP01141,HEALthy Brain and Child Development (HBCD) Study,HEAL Research Program
HDP01142,Development and Optimization of Non-Addictive Therapies to Treat Pain,HEAL Research Program
HDP01143,Translating Discoveries into Effective Devices to Treat Pain,HEAL Research Program
HDP01144,HEALthy Brain and Child Development (HBCD) Study,HEAL Research Program
HDP01145,HEAL Data2Action (HD2A),HEAL Research Program
HDP01146,Training the Next Generation of Researchers in HEAL,HEAL Research Program
HDP01147,Development and Optimization of Non-Addictive Therapies to Treat Pain,HEAL Research Program
HDP01148,Prevention and Management of Chronic Pain in Rural Populations,HEAL Research Program
HDP01149,The Biology of Opioid Exposure during Pregnancy and Effects on Early Neuro-Behavioral Development,HEAL Research Program
HDP01150,The Biology of Opioid Exposure during Pregnancy and Effects on Early Neuro-Behavioral Development,HEAL Research Program
HDP01151,Translating Discoveries into Effective Devices to Treat Pain,HEAL Research Program
HDP01152,Focusing Medication Development to Prevent and Treat Opioid Use Disorder and Overdose,HEAL Research Program
HDP01153,HEAL Data2Action (HD2A),HEAL Research Program
HDP01154,,HEAL Studies
HDP01155,Discovery and Validation of Novel Targets for Safe and Effective Treatment of Pain,HEAL Research Program
HDP01156,"Optimizing the Quality, Reach, and Impact of Addiction Services",HEAL Research Program
HDP01157,Optimizing Care for People with Opioid Use Disorder and Mental Health Conditions,HEAL Research Program
HDP01158,Virtual Assessments to Understand Developmental Trajectories of Substance Use Exposure,HEAL Research Program
HDP01159,Sleep Dysfunction as a Core Feature of Opioid Use Disorder and Recovery,HEAL Research Program
HDP01160,"Optimizing the Quality, Reach, and Impact of Addiction Services",HEAL Research Program
HDP01161,"Optimizing the Quality, Reach, and Impact of Addiction Services",HEAL Research Program
HDP01162,Sleep Dysfunction as a Core Feature of Opioid Use Disorder and Recovery,HEAL Research Program
HDP01163,Training the Next Generation of Researchers in HEAL,HEAL Research Program
HDP01164,Virtual Assessments to Understand Developmental Trajectories of Substance Use Exposure,HEAL Research Program
HDP01165,Focusing Medication Development to Prevent and Treat Opioid Use Disorder and Overdose,HEAL Research Program
HDP01166,"Discovery and Validation of Biomarkers, Endpoints, and Signatures for Pain Conditions",HEAL Research Program
HDP01167,"Optimizing the Quality, Reach, and Impact of Addiction Services",HEAL Research Program
HDP01168,Small Business Programs,HEAL Research Program
HDP01169,Development and Optimization of Non-Addictive Therapies to Treat Pain,HEAL Research Program
HDP01170,Training the Next Generation of Researchers in HEAL,HEAL Research Program
HDP01171,Oral Complications Arising from Pharmacotherapies to Treat Opioid Use Disorders,HEAL Research Program
HDP01172,"Optimizing the Quality, Reach, and Impact of Addiction Services",HEAL Research Program
HDP01173,Small Business Programs,HEAL Research Program
HDP01174,Training the Next Generation of Researchers in HEAL,HEAL Research Program
HDP01175,Discovery and Validation of Novel Targets for Safe and Effective Treatment of Pain,HEAL Research Program
HDP01176,"Discovery and Validation of Biomarkers, Endpoints, and Signatures for Pain Conditions",HEAL Research Program
HDP01177,Development and Optimization of Non-Addictive Therapies to Treat Pain,HEAL Research Program
HDP01178,"Optimizing the Quality, Reach, and Impact of Addiction Services",HEAL Research Program
HDP01179,"Optimizing the Quality, Reach, and Impact of Addiction Services",HEAL Research Program
HDP01180,Preventing Opioid Use Disorder,HEAL Research Program
HDP01181,Virtual Assessments to Understand Developmental Trajectories of Substance Use Exposure,HEAL Research Program
HDP01182,"Optimizing the Quality, Reach, and Impact of Addiction Services",HEAL Research Program
HDP01183,"Optimizing the Quality, Reach, and Impact of Addiction Services",HEAL Research Program
HDP01184,Small Business Programs,HEAL Research Program
HDP01185,Small Business Programs,HEAL Research Program
HDP01186,"Optimizing the Quality, Reach, and Impact of Addiction Services",HEAL Research Program
HDP01187,HEAL Data2Action (HD2A),HEAL Research Program
HDP01188,Preventing Opioid Use Disorder,HEAL Research Program
HDP01189,Preventing Opioid Use Disorder,HEAL Research Program
HDP01190,"Discovery and Validation of Biomarkers, Endpoints, and Signatures for Pain Conditions",HEAL Research Program
HDP01191,"Optimizing the Quality, Reach, and Impact of Addiction Services",HEAL Research Program
HDP01192,Discovery and Validation of Novel Targets for Safe and Effective Treatment of Pain,HEAL Research Program
HDP01193,Oral Complications Arising from Pharmacotherapies to Treat Opioid Use Disorders,HEAL Research Program
HDP01194,"Discovery and Validation of Biomarkers, Endpoints, and Signatures for Pain Conditions",HEAL Research Program
HDP01195,Integrated Basic and Clinical Team-Based Research in Pain,HEAL Research Program
HDP01196,Optimizing Care for People with Opioid Use Disorder and Mental Health Conditions,HEAL Research Program
HDP01197,Oral Complications Arising from Pharmacotherapies to Treat Opioid Use Disorders,HEAL Research Program
HDP01198,Discovery and Validation of Novel Targets for Safe and Effective Treatment of Pain,HEAL Research Program
HDP01199,Small Business Programs,HEAL Research Program
HDP01200,"Optimizing the Quality, Reach, and Impact of Addiction Services",HEAL Research Program
HDP01201,Rapidly Assessing the Public Health Impact of Emerging Opioid Threats,HEAL Research Program
HDP01202,"Optimizing the Quality, Reach, and Impact of Addiction Services",HEAL Research Program
HDP01203,Training the Next Generation of Researchers in HEAL,HEAL Research Program
HDP01204,Translating Discoveries into Effective Devices to Treat Pain,HEAL Research Program
HDP01205,Preventing Opioid Use Disorder,HEAL Research Program
HDP01206,Training the Next Generation of Researchers in HEAL,HEAL Research Program
HDP01207,Sleep Dysfunction as a Core Feature of Opioid Use Disorder and Recovery,HEAL Research Program
HDP01208,Discovery and Validation of Novel Targets for Safe and Effective Treatment of Pain,HEAL Research Program
HDP01209,Optimizing Care for People with Opioid Use Disorder and Mental Health Conditions,HEAL Research Program
HDP01210,Development and Optimization of Non-Addictive Therapies to Treat Pain,HEAL Research Program
HDP01211,Sleep Dysfunction as a Core Feature of Opioid Use Disorder and Recovery,HEAL Research Program
HDP01212,Development and Optimization of Non-Addictive Therapies to Treat Pain,HEAL Research Program
HDP01213,"Optimizing the Quality, Reach, and Impact of Addiction Services",HEAL Research Program
HDP01214,"Discovery and Validation of Biomarkers, Endpoints, and Signatures for Pain Conditions",HEAL Research Program
HDP01215,Oral Complications Arising from Pharmacotherapies to Treat Opioid Use Disorders,HEAL Research Program
HDP01216,Training the Next Generation of Researchers in HEAL,HEAL Research Program
HDP01217,"Optimizing the Quality, Reach, and Impact of Addiction Services",HEAL Research Program
HDP01218,Sleep Dysfunction as a Core Feature of Opioid Use Disorder and Recovery,HEAL Research Program
HDP01219,Behavioral Research to Improve Medication-Based Treatment,HEAL Research Program
HDP01220,,HEAL Studies
HDP01221,,HEAL Studies
HDP01222,Small Business Programs,HEAL Research Program
HDP01223,Optimizing Care for People with Opioid Use Disorder and Mental Health Conditions,HEAL Research Program
HDP01224,HEALthy Brain and Child Development (HBCD) Study,HEAL Research Program
HDP01225,,HEAL Studies
HDP01226,Enhancing the National Drug Abuse Treatment Clinical Trials Network to Address Opioids,HEAL Research Program
HDP01227,Training the Next Generation of Researchers in HEAL,HEAL Research Program
HDP01228,Discovery and Validation of Novel Targets for Safe and Effective Treatment of Pain,HEAL Research Program
HDP01229,HEALthy Brain and Child Development (HBCD) Study,HEAL Research Program
HDP01230,Enhancing the National Drug Abuse Treatment Clinical Trials Network to Address Opioids,HEAL Research Program
HDP01231,HEALthy Brain and Child Development (HBCD) Study,HEAL Research Program
HDP01232,HEALthy Brain and Child Development (HBCD) Study,HEAL Research Program
HDP01233,"Discovery and Validation of Biomarkers, Endpoints, and Signatures for Pain Conditions",HEAL Research Program
HDP01234,HEALthy Brain and Child Development (HBCD) Study,HEAL Research Program
HDP01235,HEALthy Brain and Child Development (HBCD) Study,HEAL Research Program
HDP01236,,HEAL Studies
HDP01237,Translating Discoveries into Effective Devices to Treat Pain,HEAL Research Program
HDP01238,,HEAL Studies
HDP01239,Preventing Opioid Use Disorder,HEAL Research Program
HDP01240,Focusing Medication Development to Prevent and Treat Opioid Use Disorder and Overdose,HEAL Research Program
HDP01241,,HEAL Studies
HDP01242,Training the Next Generation of Researchers in HEAL,HEAL Research Program
HDP01243,Recovery Research Networks,HEAL Research Program
HDP01244,HEALthy Brain and Child Development (HBCD) Study,HEAL Research Program
HDP01245,Small Business Programs,HEAL Research Program
HDP01246,Training the Next Generation of Researchers in HEAL,HEAL Research Program
HDP01247,HEALthy Brain and Child Development (HBCD) Study,HEAL Research Program
HDP01248,HEALthy Brain and Child Development (HBCD) Study,HEAL Research Program
HDP01249,Recovery Research Networks,HEAL Research Program
HDP01250,HEALthy Brain and Child Development (HBCD) Study,HEAL Research Program
HDP01251,Enhancing the National Drug Abuse Treatment Clinical Trials Network to Address Opioids,HEAL Research Program
HDP01252,Training the Next Generation of Researchers in HEAL,HEAL Research Program
HDP01253,Training the Next Generation of Researchers in HEAL,HEAL Research Program
HDP01254,Recovery Research Networks,HEAL Research Program
HDP01255,Preventing Opioid Use Disorder,HEAL Research Program
HDP01256,Training the Next Generation of Researchers in HEAL,HEAL Research Program
HDP01257,,HEAL Studies
HDP01258,HEALthy Brain and Child Development (HBCD) Study,HEAL Research Program
HDP01259,Training the Next Generation of Researchers in HEAL,HEAL Research Program
HDP01260,Advancing Health Equity in Pain Management,HEAL Research Program
HDP01261,Training the Next Generation of Researchers in HEAL,HEAL Research Program
HDP01262,Enhancing the National Drug Abuse Treatment Clinical Trials Network to Address Opioids,HEAL Research Program
HDP01263,Small Business Programs,HEAL Research Program
HDP01264,,HEAL Studies
HDP01265,Discovery and Validation of Novel Targets for Safe and Effective Treatment of Pain,HEAL Research Program
HDP01266,Small Business Programs,HEAL Research Program
HDP01267,Translating Discoveries into Effective Devices to Treat Pain,HEAL Research Program
HDP01268,Sleep Dysfunction as a Core Feature of Opioid Use Disorder and Recovery,HEAL Research Program
HDP01269,Early Phase Pain Investigation Clinical Network (EPPIC-Net),HEAL Research Program
HDP01270,Pragmatic and Implementation Studies for the Management of Pain to Reduce Opioid Prescribing (PRISM),HEAL Research Program
HDP01271,Justice Community Overdose Innovation Network (JCOIN),HEAL Research Program
HDP01272,Early Phase Pain Investigation Clinical Network (EPPIC-Net),HEAL Research Program
HDP01273,Pain Management Effectiveness Research Network (ERN),HEAL Research Program
HDP01274,HEALthy Brain and Child Development (HBCD) Study,HEAL Research Program
HDP01275,Prevention of Progression to Moderate or Severe Opioid Use Disorder,HEAL Research Program
HDP01276,,HEAL Studies
HDP01277,HEALthy Brain and Child Development (HBCD) Study,HEAL Research Program
HDP01278,Leveraging Existing and Real-Time Opioid and Pain Management Data,HEAL Research Program
HDP01279,Pragmatic and Implementation Studies for the Management of Pain to Reduce Opioid Prescribing (PRISM),HEAL Research Program
HDP01280,Leveraging Existing and Real-Time Opioid and Pain Management Data,HEAL Research Program
HDP01281,Justice Community Overdose Innovation Network (JCOIN),HEAL Research Program
HDP01282,Recovery Research Networks,HEAL Research Program
HDP01283,Recovery Research Networks,HEAL Research Program
HDP01284,,HEAL Studies
HDP01285,,Clinical Trials Network
HDP01286,,Clinical Trials Network
HDP01287,,Clinical Trials Network
HDP01288,,Clinical Trials Network
HDP01289,,Clinical Trials Network
HDP01290,,Clinical Trials Network
HDP01291,,Clinical Trials Network
HDP01292,,Clinical Trials Network
HDP01293,,Clinical Trials Network
HDP01294,,Clinical Trials Network
HDP01295,,Clinical Trials Network
HDP01296,,Clinical Trials Network
HDP01297,,Clinical Trials Network
HDP01298,,Clinical Trials Network
HDP01299,,Clinical Trials Network
HDP01300,,Clinical Trials Network
HDP01301,,Clinical Trials Network
HDP01302,,Clinical Trials Network
HDP01303,,Clinical Trials Network
HDP01304,,Clinical Trials Network
HDP01305,,Clinical Trials Network
HDP01306,,Clinical Trials Network
HDP01307,,Clinical Trials Network
HDP01308,,Clinical Trials Network
HDP01309,,Clinical Trials Network
HDP01310,,Clinical Trials Network
HDP01311,,Clinical Trials Network
HDP01312,,Clinical Trials Network
HDP01313,,Clinical Trials Network
HDP01314,,Clinical Trials Network
HDP01315,,Clinical Trials Network
HDP01316,,Clinical Trials Network
HDP01317,,Clinical Trials Network
HDP01318,,Clinical Trials Network
HDP01319,,Clinical Trials Network
HDP01320,,Clinical Trials Network
HDP01321,,Clinical Trials Network
HDP01322,,Clinical Trials Network
HDP01323,,Clinical Trials Network
HDP01324,,Clinical Trials Network
HDP01325,,HEAL Studies
HDP01326,Focusing Medication Development to Prevent and Treat Opioid Use Disorder and Overdose,HEAL Research Program
HDP01327,,HEAL Studies
HDP01328,,HEAL Studies
HDP01329,Advancing Health Equity in Pain Management,HEAL Research Program
HDP01330,Preventing Opioid Use Disorder,HEAL Research Program
HDP01331,Preventing Opioid Use Disorder,HEAL Research Program
HDP01332,Preventing Opioid Use Disorder,HEAL Research Program
HDP01333,Preventing Opioid Use Disorder,HEAL Research Program
HDP01334,Preventing Opioid Use Disorder,HEAL Research Program
HDP01335,Preventing Opioid Use Disorder,HEAL Research Program
HDP01336,HEAL Data2Action (HD2A),HEAL Research Program
HDP01337,,HEAL Studies
HDP01338,Back Pain Consortium Research Program,HEAL Research Program
HDP01339,Back Pain Consortium Research Program,HEAL Research Program
HDP01340,Integrated Approach to Pain and Opioid Use in Hemodialysis Patients,HEAL Research Program
HDP01341,Back Pain Consortium Research Program,HEAL Research Program
HDP01342,Improving Delivery of Healthcare Services for Polysubstance Use,HEAL Research Program
HDP01343,"Optimizing the Quality, Reach, and Impact of Addiction Services",HEAL Research Program
HDP01344,Development and Optimization of Non-Addictive Therapies to Treat Pain,HEAL Research Program
HDP01345,Training the Next Generation of Researchers in HEAL,HEAL Research Program
HDP01346,Training the Next Generation of Researchers in HEAL,HEAL Research Program
HDP01347,Training the Next Generation of Researchers in HEAL,HEAL Research Program
HDP01348,Translating Discoveries into Effective Devices to Treat Pain,HEAL Research Program
HDP01349,"Optimizing the Quality, Reach, and Impact of Addiction Services",HEAL Research Program
HDP01350,HEALthy Brain and Child Development (HBCD) Study,HEAL Research Program
HDP01351,"Discovery and Validation of Biomarkers, Endpoints, and Signatures for Pain Conditions",HEAL Research Program
HDP01352,"Optimizing the Quality, Reach, and Impact of Addiction Services",HEAL Research Program
HDP01353,Small Business Programs,HEAL Research Program
HDP01354,Focusing Medication Development to Prevent and Treat Opioid Use Disorder and Overdose,HEAL Research Program
HDP01355,Small Business Programs,HEAL Research Program
HDP01356,,HEAL Studies
HDP01357,"Discovery and Validation of Biomarkers, Endpoints, and Signatures for Pain Conditions",HEAL Research Program
HDP01358,,HEAL Studies
HDP01359,Discovery and Validation of Novel Targets for Safe and Effective Treatment of Pain,HEAL Research Program
HDP01360,,HEAL Studies
HDP01361,Pain Management Effectiveness Research Network (ERN),HEAL Research Program
HDP01362,Integrated Basic and Clinical Team-Based Research in Pain,HEAL Research Program
HDP01363,Behavioral Research to Improve Medication-Based Treatment,HEAL Research Program
HDP01364,,HEAL Studies
HDP01365,Training the Next Generation of Researchers in HEAL,HEAL Research Program
HDP01366,Focusing Medication Development to Prevent and Treat Opioid Use Disorder and Overdose,HEAL Research Program
HDP01367,Training the Next Generation of Researchers in HEAL,HEAL Research Program
HDP01368,Development and Optimization of Non-Addictive Therapies to Treat Pain,HEAL Research Program
HDP01369,Small Business Programs,HEAL Research Program
HDP01370,Harm Reduction Research Network,HEAL Research Program
HDP01371,Restoring Joint Health and Function to Reduce Pain (RE-JOIN),HEAL Research Program
HDP01372,"Optimizing the Quality, Reach, and Impact of Addiction Services",HEAL Research Program
HDP01373,Translating Discoveries into Effective Devices to Treat Pain,HEAL Research Program
HDP01374,,HEAL Studies
HDP01375,Justice Community Overdose Innovation Network (JCOIN),HEAL Research Program
HDP01376,Training the Next Generation of Researchers in HEAL,HEAL Research Program
HDP01377,Advancing Clinical Trials in Neonatal Opioid Withdrawal (ACT NOW),HEAL Research Program
HDP01378,,HEAL Studies
HDP01379,Development and Optimization of Non-Addictive Therapies to Treat Pain,HEAL Research Program
HDP01380,,HEAL Studies
HDP01381,"Discovery and Validation of Biomarkers, Endpoints, and Signatures for Pain Conditions",HEAL Research Program
HDP01382,,HEAL Studies
HDP01383,Development and Optimization of Non-Addictive Therapies to Treat Pain,HEAL Research Program
HDP01384,Development and Optimization of Non-Addictive Therapies to Treat Pain,HEAL Research Program
HDP01385,Focusing Medication Development to Prevent and Treat Opioid Use Disorder and Overdose,HEAL Research Program
HDP01386,"Discovery and Validation of Biomarkers, Endpoints, and Signatures for Pain Conditions",HEAL Research Program
HDP01387,Leveraging Existing and Real-Time Opioid and Pain Management Data,HEAL Research Program
HDP01388,Focusing Medication Development to Prevent and Treat Opioid Use Disorder and Overdose,HEAL Research Program
HDP01389,Training the Next Generation of Researchers in HEAL,HEAL Research Program
HDP01390,Discovery and Validation of Novel Targets for Safe and Effective Treatment of Pain,HEAL Research Program
HDP01391,Small Business Programs,HEAL Research Program
HDP01392,,HEAL Studies
HDP01393,Training the Next Generation of Researchers in HEAL,HEAL Research Program
HDP01394,Justice Community Overdose Innovation Network (JCOIN),HEAL Research Program
HDP01395,Advancing Clinical Trials in Neonatal Opioid Withdrawal (ACT NOW),HEAL Research Program
HDP01396,,HEAL Studies
HDP01397,Restoring Joint Health and Function to Reduce Pain (RE-JOIN),HEAL Research Program
HDP01398,Advancing Clinical Trials in Neonatal Opioid Withdrawal (ACT NOW),HEAL Research Program
HDP01399,"Optimizing the Quality, Reach, and Impact of Addiction Services",HEAL Research Program
HDP01400,Discovery and Validation of Novel Targets for Safe and Effective Treatment of Pain,HEAL Research Program
HDP01401,,HEAL Studies
HDP01402,Training the Next Generation of Researchers in HEAL,HEAL Research Program
HDP01403,Discovery and Validation of Novel Targets for Safe and Effective Treatment of Pain,HEAL Research Program
HDP01404,Focusing Medication Development to Prevent and Treat Opioid Use Disorder and Overdose,HEAL Research Program
HDP01405,Training the Next Generation of Researchers in HEAL,HEAL Research Program
HDP01406,Training the Next Generation of Researchers in HEAL,HEAL Research Program
HDP01407,Advancing Clinical Trials in Neonatal Opioid Withdrawal (ACT NOW),HEAL Research Program
HDP01408,Training the Next Generation of Researchers in HEAL,HEAL Research Program
HDP01409,Development and Optimization of Non-Addictive Therapies to Treat Pain,HEAL Research Program
HDP01410,Training the Next Generation of Researchers in HEAL,HEAL Research Program
HDP01411,Focusing Medication Development to Prevent and Treat Opioid Use Disorder and Overdose,HEAL Research Program
HDP01412,"Discovery and Validation of Biomarkers, Endpoints, and Signatures for Pain Conditions",HEAL Research Program
HDP01413,Small Business Programs,HEAL Research Program
HDP01414,Training the Next Generation of Researchers in HEAL,HEAL Research Program
HDP01415,"Optimizing the Quality, Reach, and Impact of Addiction Services",HEAL Research Program
HDP01416,"Discovery and Validation of Biomarkers, Endpoints, and Signatures for Pain Conditions",HEAL Research Program
HDP01417,Harm Reduction Research Network,HEAL Research Program
HDP01418,"Optimizing the Quality, Reach, and Impact of Addiction Services",HEAL Research Program
HDP01419,Development and Optimization of Non-Addictive Therapies to Treat Pain,HEAL Research Program
HDP01420,"Optimizing the Quality, Reach, and Impact of Addiction Services",HEAL Research Program
HDP01421,Training the Next Generation of Researchers in HEAL,HEAL Research Program
HDP01422,Discovery and Validation of Novel Targets for Safe and Effective Treatment of Pain,HEAL Research Program
HDP01423,Training the Next Generation of Researchers in HEAL,HEAL Research Program
HDP01424,Behavioral Research to Improve Medication-Based Treatment,HEAL Research Program
HDP01425,"Discovery and Validation of Biomarkers, Endpoints, and Signatures for Pain Conditions",HEAL Research Program
HDP01426,Focusing Medication Development to Prevent and Treat Opioid Use Disorder and Overdose,HEAL Research Program
HDP01427,Focusing Medication Development to Prevent and Treat Opioid Use Disorder and Overdose,HEAL Research Program
HDP01428,Small Business Programs,HEAL Research Program
HDP01429,Training the Next Generation of Researchers in HEAL,HEAL Research Program
HDP01430,Training the Next Generation of Researchers in HEAL,HEAL Research Program
HDP01431,"Optimizing the Quality, Reach, and Impact of Addiction Services",HEAL Research Program
HDP01432,Discovery and Validation of Novel Targets for Safe and Effective Treatment of Pain,HEAL Research Program
HDP01433,"Discovery and Validation of Biomarkers, Endpoints, and Signatures for Pain Conditions",HEAL Research Program
HDP01434,HEALthy Brain and Child Development (HBCD) Study,HEAL Research Program
HDP01435,"Optimizing the Quality, Reach, and Impact of Addiction Services",HEAL Research Program
HDP01436,Early Phase Pain Investigation Clinical Network (EPPIC-Net),HEAL Research Program
HDP01437,Focusing Medication Development to Prevent and Treat Opioid Use Disorder and Overdose,HEAL Research Program
HDP01438,Small Business Programs,HEAL Research Program
HDP01439,Small Business Programs,HEAL Research Program
HDP01440,Pain Management Effectiveness Research Network (ERN),HEAL Research Program
HDP01441,"Optimizing the Quality, Reach, and Impact of Addiction Services",HEAL Research Program
HDP01442,"Optimizing the Quality, Reach, and Impact of Addiction Services",HEAL Research Program
HDP01443,Enhancing the National Drug Abuse Treatment Clinical Trials Network to Address Opioids,HEAL Research Program
HDP01444,Discovery and Validation of Novel Targets for Safe and Effective Treatment of Pain,HEAL Research Program
HDP01445,Development and Optimization of Non-Addictive Therapies to Treat Pain,HEAL Research Program
HDP01446,"Discovery and Validation of Biomarkers, Endpoints, and Signatures for Pain Conditions",HEAL Research Program
HDP01447,Back Pain Consortium Research Program,HEAL Research Program
HDP01448,Discovery and Validation of Novel Targets for Safe and Effective Treatment of Pain,HEAL Research Program
HDP01449,,HEAL Studies
HDP01450,Enhancing the National Drug Abuse Treatment Clinical Trials Network to Address Opioids,HEAL Research Program
HDP01451,Leveraging Existing and Real-Time Opioid and Pain Management Data,HEAL Research Program
HDP01452,Training the Next Generation of Researchers in HEAL,HEAL Research Program
HDP01453,,HEAL Studies
HDP01454,,HEAL Studies
HDP01455,Training the Next Generation of Researchers in HEAL,HEAL Research Program
HDP01456,"Optimizing the Quality, Reach, and Impact of Addiction Services",HEAL Research Program
HDP01457,Focusing Medication Development to Prevent and Treat Opioid Use Disorder and Overdose,HEAL Research Program
HDP01458,,HEAL Studies
HDP01459,Integrated Basic and Clinical Team-Based Research in Pain,HEAL Research Program
HDP01460,Training the Next Generation of Researchers in HEAL,HEAL Research Program
HDP01461,Training the Next Generation of Researchers in HEAL,HEAL Research Program
HDP01462,Discovery and Validation of Novel Targets for Safe and Effective Treatment of Pain,HEAL Research Program
HDP01463,Harm Reduction Research Network,HEAL Research Program
HDP01464,"Optimizing the Quality, Reach, and Impact of Addiction Services",HEAL Research Program
HDP01465,Focusing Medication Development to Prevent and Treat Opioid Use Disorder and Overdose,HEAL Research Program
HDP01466,Small Business Programs,HEAL Research Program
HDP01467,Training the Next Generation of Researchers in HEAL,HEAL Research Program
HDP01468,Training the Next Generation of Researchers in HEAL,HEAL Research Program
HDP01469,Translating Discoveries into Effective Devices to Treat Pain,HEAL Research Program
HDP01470,Focusing Medication Development to Prevent and Treat Opioid Use Disorder and Overdose,HEAL Research Program
HDP01471,Small Business Programs,HEAL Research Program
HDP01472,"Optimizing the Quality, Reach, and Impact of Addiction Services",HEAL Research Program
HDP01473,,HEAL Studies
HDP01474,"Discovery and Validation of Biomarkers, Endpoints, and Signatures for Pain Conditions",HEAL Research Program
HDP01475,Enhancing the National Drug Abuse Treatment Clinical Trials Network to Address Opioids,HEAL Research Program
HDP01476,,HEAL Studies
HDP01477,,HEAL Studies
HDP01478,Pain Management Effectiveness Research Network (ERN),HEAL Research Program
HDP01479,Training the Next Generation of Researchers in HEAL,HEAL Research Program
HDP01480,Enhancing the National Drug Abuse Treatment Clinical Trials Network to Address Opioids,HEAL Research Program
HDP01481,,HEAL Studies
HDP01482,Behavioral Research to Improve Medication-Based Treatment,HEAL Research Program
HDP01483,HEAL Data2Action (HD2A),HEAL Research Program
HDP01484,Recovery Research Networks,HEAL Research Program
HDP01485,Recovery Research Networks,HEAL Research Program
HDP01486,HEAL Data2Action (HD2A),HEAL Research Program
HDP01487,HEAL Data2Action (HD2A),HEAL Research Program
HDP01488,Pain Management Effectiveness Research Network (ERN),HEAL Research Program
HDP01489,Pain Management Effectiveness Research Network (ERN),HEAL Research Program
HDP01490,Pain Management Effectiveness Research Network (ERN),HEAL Research Program
HDP01491,Pain Management Effectiveness Research Network (ERN),HEAL Research Program
HDP01492,Pain Management Effectiveness Research Network (ERN),HEAL Research Program
HDP01493,Pragmatic and Implementation Studies for the Management of Pain to Reduce Opioid Prescribing (PRISM),HEAL Research Program
HDP01494,Pragmatic and Implementation Studies for the Management of Pain to Reduce Opioid Prescribing (PRISM),HEAL Research Program
HDP01495,Pragmatic and Implementation Studies for the Management of Pain to Reduce Opioid Prescribing (PRISM),HEAL Research Program
HDP01496,Pragmatic and Implementation Studies for the Management of Pain to Reduce Opioid Prescribing (PRISM),HEAL Research Program
HDP01497,Pragmatic and Implementation Studies for the Management of Pain to Reduce Opioid Prescribing (PRISM),HEAL Research Program
HDP01498,Pragmatic and Implementation Studies for the Management of Pain to Reduce Opioid Prescribing (PRISM),HEAL Research Program
HDP01499,Pain Management Effectiveness Research Network (ERN),HEAL Research Program
HDP01500,HEAL Data2Action (HD2A),HEAL Research Program
HDP01501,HEAL Data2Action (HD2A),HEAL Research Program
HDP01502,HEAL Data2Action (HD2A),HEAL Research Program
HDP01503,HEAL Data2Action (HD2A),HEAL Research Program
HDP01504,,Clinical Trials Network
HDP01505,,Clinical Trials Network
HDP01506,,Clinical Trials Network
HDP01507,,Clinical Trials Network
HDP01508,Advancing Health Equity in Pain Management,HEAL Research Program
HDP01509,,HEAL Studies
HDP01510,,HEAL Studies
HDP01511,,HEAL Studies
HDP01512,Advancing Health Equity in Pain Management,HEAL Research Program
HDP01513,,HEAL Studies
HDP01514,,HEAL Studies
HDP01515,,HEAL Studies
HDP01516,,HEAL Studies
HDP01517,,HEAL Studies
HDP01518,,HEAL Studies
HDP01519,,HEAL Studies
HDP01520,Training the Next Generation of Researchers in HEAL,HEAL Research Program
HDP01521,,HEAL Studies
HDP01522,Preventing Opioid Use Disorder,HEAL Research Program
HDP01523,HEAL Data2Action (HD2A),HEAL Research Program
HDP01524,HEAL Data2Action (HD2A),HEAL Research Program
HDP01525,,HEAL Studies
HDP01526,Translating Discoveries into Effective Devices to Treat Pain,HEAL Research Program
HDP01527,Focusing Medication Development to Prevent and Treat Opioid Use Disorder and Overdose,HEAL Research Program
HDP01528,Focusing Medication Development to Prevent and Treat Opioid Use Disorder and Overdose,HEAL Research Program
HDP01529,,HEAL Studies
HDP01530,Focusing Medication Development to Prevent and Treat Opioid Use Disorder and Overdose,HEAL Research Program
HDP01531,Focusing Medication Development to Prevent and Treat Opioid Use Disorder and Overdose,HEAL Research Program
HDP01532,Training the Next Generation of Researchers in HEAL,HEAL Research Program
HDP01533,,HEAL Studies
HDP01534,,HEAL Studies
HDP01535,Training the Next Generation of Researchers in HEAL,HEAL Research Program
HDP01536,Training the Next Generation of Researchers in HEAL,HEAL Research Program
HDP01537,Focusing Medication Development to Prevent and Treat Opioid Use Disorder and Overdose,HEAL Research Program
HDP01538,Preventing Opioid Use Disorder,HEAL Research Program
HDP01539,Training the Next Generation of Researchers in HEAL,HEAL Research Program
HDP01540,Training the Next Generation of Researchers in HEAL,HEAL Research Program
HDP01541,Small Business Programs,HEAL Research Program
HDP01542,Training the Next Generation of Researchers in HEAL,HEAL Research Program
HDP01543,,HEAL Studies
HDP01544,,HEAL Studies
HDP01545,,HEAL Studies
HDP01546,Small Business Programs,HEAL Research Program
HDP01547,,HEAL Studies
HDP01548,Training the Next Generation of Researchers in HEAL,HEAL Research Program
HDP01549,Preventing Opioid Use Disorder,HEAL Research Program
HDP01550,Small Business Programs,HEAL Research Program
HDP01551,Focusing Medication Development to Prevent and Treat Opioid Use Disorder and Overdose,HEAL Research Program
HDP01552,Focusing Medication Development to Prevent and Treat Opioid Use Disorder and Overdose,HEAL Research Program
HDP01553,Small Business Programs,HEAL Research Program
HDP01554,,HEAL Studies
HDP01555,Focusing Medication Development to Prevent and Treat Opioid Use Disorder and Overdose,HEAL Research Program
HDP01556,Translating Discoveries into Effective Devices to Treat Pain,HEAL Research Program
HDP01557,Focusing Medication Development to Prevent and Treat Opioid Use Disorder and Overdose,HEAL Research Program
HDP01558,,HEAL Studies
HDP01559,Small Business Programs,HEAL Research Program
HDP01560,Small Business Programs,HEAL Research Program
HDP01561,Preventing Opioid Use Disorder,HEAL Research Program
HDP01562,Focusing Medication Development to Prevent and Treat Opioid Use Disorder and Overdose,HEAL Research Program
HDP01563,Small Business Programs,HEAL Research Program
HDP01564,Discovery and Validation of Novel Targets for Safe and Effective Treatment of Pain,HEAL Research Program
HDP01565,Focusing Medication Development to Prevent and Treat Opioid Use Disorder and Overdose,HEAL Research Program
HDP01566,Focusing Medication Development to Prevent and Treat Opioid Use Disorder and Overdose,HEAL Research Program
HDP01567,Focusing Medication Development to Prevent and Treat Opioid Use Disorder and Overdose,HEAL Research Program
HDP01568,,HEAL Studies
HDP01569,Training the Next Generation of Researchers in HEAL,HEAL Research Program
HDP01570,Training the Next Generation of Researchers in HEAL,HEAL Research Program
HDP01571,Focusing Medication Development to Prevent and Treat Opioid Use Disorder and Overdose,HEAL Research Program
HDP01572,,HEAL Studies
HDP01573,Translating Data 2 Action to Prevent Overdose,HEAL Research Program
HDP01574,,HEAL Studies
