Research Network,Research Program,key,study_type
-,Preventing Opioid Use Disorder,HDP00632,HDP
-,Optimizing Care for People with Opioid Use Disorder and Mental Health Conditions,HDP00696,HDP
-,-,HDP00509,HDP
-,-,HDP01356,HDP
-,-,HDP01380,HDP
-,Pain Management Effectiveness Research Network (ERN),HDP00242,HDP
PAIN ERN,-,HDP01489,HDP
PRISM,Pragmatic and Implementation Studies for the Management of Pain to Reduce Opioid Prescribing (PRISM),HDP00391,HDP
PRISM,-,HDP01493,HDP
-,-,HDP00114,HDP
-,-,HDP00980,HDP
-,-,HDP01260,HDP
-,Leveraging Existing and Real-Time Opioid and Pain Management Data,HDP00984,HDP
-,Leveraging Existing and Real-Time Opioid and Pain Management Data,HDP00981,HDP
-,Discovery and Validation of Novel Targets for Safe and Effective Treatment of Pain,HDP01359,HDP
-,Discovery and Validation of Novel Targets for Safe and Effective Treatment of Pain,HDP01390,HDP
-,Preventing Opioid Use Disorder,HDP00519,HDP
-,Preventing Opioid Use Disorder,HDP00738,HDP
-,-,HDP01264,HDP
-,-,HDP00523,HDP
-,-,HDP01378,HDP
-,Discovery and Validation of Novel Targets for Safe and Effective Treatment of Pain,HDP00544,HDP
-,-,HDP00675,HDP
-,Small Business Programs,HDP00255,HDP
-,Small Business Programs,HDP00095,HDP
PRISM,Pragmatic and Implementation Studies for the Management of Pain to Reduce Opioid Prescribing (PRISM),HDP00125,HDP
PRISM,Pragmatic and Implementation Studies for the Management of Pain to Reduce Opioid Prescribing (PRISM),HDP01498,HDP
-,Training the Next Generation of Researchers in HEAL,HDP01024,HDP
-,-,HDP00976,HDP
BACPAC,-,HDP00323,HDP
BACPAC,Back Pain Consortium Research Program,HDP00728,HDP
BACPAC,-,HDP00233,HDP
BACPAC,Back Pain Consortium Research Program,HDP00668,HDP
-,-,HDP00930,HDP
BACPAC,-,HDP00548,HDP
BACPAC,Back Pain Consortium Research Program,HDP00308,HDP
BACPAC,Back Pain Consortium Research Program,HDP00239,HDP
BACPAC,-,HDP00344,HDP
BACPAC,Back Pain Consortium Research Program,HDP00677,HDP
BACPAC,Training the Next Generation of Researchers in HEAL,HDP01246,HDP
BACPAC,-,HDP00366,HDP
BACPAC,Back Pain Consortium Research Program,HDP00488,HDP
BACPAC,Back Pain Consortium Research Program,HDP00564,HDP
BACPAC,Back Pain Consortium Research Program,HDP00532,HDP
BACPAC,Back Pain Consortium Research Program,HDP00411,HDP
BACPAC,Back Pain Consortium Research Program,HDP00409,HDP
BACPAC,Back Pain Consortium Research Program,HDP00414,HDP
BACPAC,Back Pain Consortium Research Program,HDP00410,HDP
BACPAC,Back Pain Consortium Research Program,HDP00415,HDP
BACPAC,Back Pain Consortium Research Program,HDP00412,HDP
BACPAC,Back Pain Consortium Research Program,HDP00158,HDP
BACPAC,-,HDP00962,HDP
BACPAC,Back Pain Consortium Research Program,HDP00794,HDP
BACPAC,-,HDP00258,HDP
BACPAC,Back Pain Consortium Research Program,HDP00692,HDP
BACPAC,Back Pain Consortium Research Program,HDP01341,HDP
BACPAC,Back Pain Consortium Research Program,HDP01447,HDP
BACPAC,Back Pain Consortium Research Program,HDP00349,HDP
BACPAC,-,HDP00429,HDP
BACPAC,Back Pain Consortium Research Program,HDP00660,HDP
BACPAC,Back Pain Consortium Research Program,HDP00690,HDP
BACPAC,Back Pain Consortium Research Program,HDP00551,HDP
BACPAC,Back Pain Consortium Research Program,HDP00715,HDP
BACPAC,Training the Next Generation of Researchers in HEAL,HDP00830,HDP
BACPAC,Training the Next Generation of Researchers in HEAL,HDP00831,HDP
BACPAC,Back Pain Consortium Research Program,HDP00198,HDP
BACPAC,Back Pain Consortium Research Program,HDP00430,HDP
BACPAC,Back Pain Consortium Research Program,HDP00433,HDP
BACPAC,Back Pain Consortium Research Program,HDP00431,HDP
BACPAC,Back Pain Consortium Research Program,HDP00432,HDP
BACPAC,Back Pain Consortium Research Program,HDP00434,HDP
BACPAC,Back Pain Consortium Research Program,HDP00122,HDP
BACPAC,-,HDP01284,HDP
BACPAC,-,HDP00356,HDP
BACPAC,-,HDP01338,HDP
BACPAC,-,HDP01339,HDP
BACPAC,Back Pain Consortium Research Program,HDP00645,HDP
BACPAC,Back Pain Consortium Research Program,HDP00706,HDP
BACPAC,Back Pain Consortium Research Program,HDP00445,HDP
BACPAC,Back Pain Consortium Research Program,HDP00446,HDP
BACPAC,Back Pain Consortium Research Program,HDP00440,HDP
BACPAC,Back Pain Consortium Research Program,HDP00441,HDP
BACPAC,Back Pain Consortium Research Program,HDP00442,HDP
BACPAC,Back Pain Consortium Research Program,HDP00443,HDP
BACPAC,Back Pain Consortium Research Program,HDP00444,HDP
BACPAC,Back Pain Consortium Research Program,HDP00387,HDP
-,-,HDP00272,HDP
-,Pain Management Effectiveness Research Network (ERN),HDP00261,HDP
PAIN ERN,-,HDP01488,HDP
-,Pain Management Effectiveness Research Network (ERN),HDP00495,HDP
-,-,HDP01227,HDP
-,Pain Management Effectiveness Research Network (ERN),HDP00572,HDP
-,Discovery and Validation of Novel Targets for Safe and Effective Treatment of Pain,HDP00365,HDP
-,Small Business Programs,HDP00928,HDP
-,-,HDP00147,HDP
RE-JOIN,RE-JOIN (Restoring Joint Health and Function to Reduce Pain Consortium),HDP00960,HDP
RE-JOIN,RE-JOIN (Restoring Joint Health and Function to Reduce Pain Consortium),HDP00890,HDP
RE-JOIN,RE-JOIN (Restoring Joint Health and Function to Reduce Pain Consortium),HDP00937,HDP
RE-JOIN,Restoring Joint Health and Function to Reduce Pain (RE-JOIN),HDP01397,HDP
RE-JOIN,RE-JOIN (Restoring Joint Health and Function to Reduce Pain Consortium),HDP00996,HDP
RE-JOIN,RE-JOIN (Restoring Joint Health and Function to Reduce Pain Consortium),HDP00951,HDP
RE-JOIN,RE-JOIN (Restoring Joint Health and Function to Reduce Pain Consortium),HDP01371,HDP
-,Leveraging Existing and Real-Time Opioid and Pain Management Data,HDP00952,HDP
-,Small Business Programs,HDP01266,HDP
-,-,HDP01125,HDP
-,Advanced Postdoctoral-to-Independent Career Transition Award in PAIN and SUD Research,HDP01174,HDP
-,Advanced Postdoctoral-to-Independent Career Transition Award in PAIN and SUD Research,HDP01203,HDP
-,Advanced Postdoctoral-to-Independent Career Transition Award in PAIN and SUD Research,HDP01532,HDP
-,Small Business Programs,HDP01199,HDP
PRISM,Prevention and Management of Chronic Pain in Rural Populations,HDP01077,HDP
-,Understanding Individual Differences in Human Pain Conditions,HDP01543,HDP
-,Small Business Programs,HDP01386,HDP
-,Training the Next Generation of Researchers in HEAL,HDP01376,HDP
-,-,HDP01396,HDP
-,-,HDP01360,HDP
-,HEAL PAIN Cohort Program,HDP01608,HDP
-,HEAL PAIN Cohort Program,HDP01607,HDP
-,INTERACT (INTEgRAtive Back Pain Longitudinal Cohort Teams),HDP01604,HDP
-,INTERACT (INTEgRAtive Back Pain Longitudinal Cohort Teams),HDP01674,HDP
-,"HEAL KIDS (Knowledge, Innovation and Discovery Studies): Chronic Pain Program",HDP01660,HDP
-,"HEAL KIDS (Knowledge, Innovation and Discovery Studies): Chronic Pain Program",HDP01631,HDP
-,Understanding Individual Differences in Human Pain Conditions,HDP01599,HDP
-,-,HDP00613,HDP
-,-,HDP00662,HDP
-,IGNITE (Innovation Grants to Nurture Initial Translational Efforts),HDP01622,HDP
-,-,HDP01154,HDP
BACPAC,-,HDP00464,HDP
-,-,HDP00585,HDP
-,-,HDP00190,HDP
-,-,HDP01076,HDP
-,Behavioral Research to Improve Medication-Based Treatment,HDP00395,HDP
-,Behavioral Research to Improve Medication-Based Treatment,HDP00283,HDP
-,Behavioral Research to Improve Medication-Based Treatment,HDP00289,HDP
-,-,HDP00264,HDP
-,Behavioral Research to Improve Medication-Based Treatment,HDP01482,HDP
-,Behavioral Research to Improve Medication-Based Treatment,HDP00386,HDP
-,Behavioral Research to Improve Medication-Based Treatment,HDP00828,HDP
-,Behavioral Research to Improve Medication-Based Treatment,HDP00825,HDP
-,Behavioral Research to Improve Medication-Based Treatment,HDP00332,HDP
-,Behavioral Research to Improve Medication-Based Treatment,HDP01219,HDP
-,Behavioral Research to Improve Medication-Based Treatment,HDP00554,HDP
-,Behavioral Research to Improve Medication-Based Treatment,HDP00712,HDP
-,Behavioral Research to Improve Medication-Based Treatment,HDP00353,HDP
-,Behavioral Research to Improve Medication-Based Treatment,HDP01363,HDP
PRISM,Pragmatic and Implementation Studies for the Management of Pain to Reduce Opioid Prescribing (PRISM),HDP00119,HDP
PRISM,-,HDP01497,HDP
PRISM,Pragmatic and Implementation Studies for the Management of Pain to Reduce Opioid Prescribing (PRISM),HDP00801,HDP
PRISM,Pragmatic and Implementation Studies for the Management of Pain to Reduce Opioid Prescribing (PRISM),HDP01279,HDP
PRISM,-,HDP00498,HDP
PRISM,Pragmatic and Implementation Studies for the Management of Pain to Reduce Opioid Prescribing (PRISM),HDP00403,HDP
PRISM,Pragmatic and Implementation Studies for the Management of Pain to Reduce Opioid Prescribing (PRISM),HDP01494,HDP
PRISM,-,HDP00745,HDP
PRISM,Pragmatic and Implementation Studies for the Management of Pain to Reduce Opioid Prescribing (PRISM),HDP01270,HDP
-,Behavioral Research to Improve Medication-Based Treatment,HDP00317,HDP
-,Training the Next Generation of Researchers in HEAL,HDP01017,HDP
-,Discovery and Validation of Novel Targets for Safe and Effective Treatment of Pain,HDP00627,HDP
-,Discovery and Validation of Novel Targets for Safe and Effective Treatment of Pain,HDP00618,HDP
-,Behavioral Research to Improve Medication-Based Treatment,HDP00221,HDP
-,Behavioral Research to Improve Medication-Based Treatment,HDP00248,HDP
-,Behavioral Research to Improve Medication-Based Treatment,HDP00791,HDP
-,Behavioral Research to Improve Medication-Based Treatment,HDP00557,HDP
-,Small Business Programs,HDP00177,HDP
-,Behavioral Research to Improve Medication-Based Treatment,HDP00542,HDP
-,-,HDP00160,HDP
-,Behavioral Research to Improve Medication-Based Treatment,HDP00099,HDP
-,Behavioral Research to Improve Medication-Based Treatment,HDP00518,HDP
PRISM,Pragmatic and Implementation Studies for the Management of Pain to Reduce Opioid Prescribing (PRISM),HDP00205,HDP
PRISM,Pragmatic and Implementation Studies for the Management of Pain to Reduce Opioid Prescribing (PRISM),HDP00795,HDP
PRISM,Pragmatic and Implementation Studies for the Management of Pain to Reduce Opioid Prescribing (PRISM),HDP00200,HDP
PRISM,-,HDP01495,HDP
-,Small Business Programs,HDP01428,HDP
-,-,HDP00004,HDP
-,Developing Quantitative Imaging and Other Relevant Biomarkers of Myofascial Tissues for Clinical Pain Management,HDP01032,HDP
-,Discovery and Validation of Novel Targets for Safe and Effective Treatment of Pain,HDP00895,HDP
-,Developing Quantitative Imaging and Other Relevant Biomarkers of Myofascial Tissues for Clinical Pain Management,HDP01685,HDP
-,"Discovery and Validation of Biomarkers, Endpoints, and Signatures for Pain Conditions",HDP01416,HDP
-,"Discovery and Validation of Biomarkers, Endpoints, and Signatures for Pain Conditions",HDP01351,HDP
-,-,HDP01018,HDP
-,Developing Quantitative Imaging and Other Relevant Biomarkers of Myofascial Tissues for Clinical Pain Management,HDP00933,HDP
-,Developing Quantitative Imaging and Other Relevant Biomarkers of Myofascial Tissues for Clinical Pain Management,HDP01004,HDP
-,Developing Quantitative Imaging and Other Relevant Biomarkers of Myofascial Tissues for Clinical Pain Management,HDP00922,HDP
-,"Discovery and Validation of Biomarkers, Endpoints, and Signatures for Pain Conditions",HDP00974,HDP
-,Discovery and Validation of Novel Targets for Safe and Effective Treatment of Pain,HDP01019,HDP
-,-,HDP00946,HDP
-,-,HDP00929,HDP
-,Leveraging Existing and Real-Time Opioid and Pain Management Data,HDP01027,HDP
-,Leveraging Existing and Real-Time Opioid and Pain Management Data,HDP00932,HDP
-,Advanced Postdoctoral-to-Independent Career Transition Award in PAIN and SUD Research,HDP01206,HDP
PRISM,Development and Optimization of Non-Addictive Therapies to Treat Pain,HDP01368,HDP
-,Prevention and Management of Chronic Pain in Rural Populations,HDP01576,HDP
-,"Discovery and Validation of Biomarkers, Endpoints, and Signatures for Pain Conditions",HDP01446,HDP
-,Understanding Individual Differences in Human Pain Conditions,HDP01672,HDP
-,NIH-DOD-VA Pain Management Collaboratory,HDP01677,HDP
-,PREP (Pain Research Enhancement Program),HDP01606,HDP
-,Understanding Individual Differences in Human Pain Conditions,HDP01639,HDP
-,PCTP (PainCare Clinician Training Program),HDP01605,HDP
-,Pain Management Effectiveness Research Network (ERN),HDP00515,HDP
-,Pain Management Effectiveness Research Network (ERN),HDP00576,HDP
-,Pain Management Effectiveness Research Network (ERN),HDP00499,HDP
-,Pain Management Effectiveness Research Network (ERN),HDP00705,HDP
-,Pain Management Effectiveness Research Network (ERN),HDP00723,HDP
-,Small Business Programs,HDP00390,HDP
-,-,HDP00401,HDP
-,Pain Management Effectiveness Research Network (ERN),HDP00211,HDP
PAIN ERN,-,HDP01491,HDP
PAIN ERN,Pain Management Effectiveness Research Network (ERN),HDP00636,HDP
-,Training the Next Generation of Researchers in HEAL,HDP01261,HDP
-,Pain Management Effectiveness Research Network (ERN),HDP01440,HDP
-,-,HDP00948,HDP
-,Small Business Programs,HDP01008,HDP
-,Leveraging Existing and Real-Time Opioid and Pain Management Data,HDP01022,HDP
-,-,HDP00941,HDP
-,Advancing Health Equity in Pain and Comorbidities,HDP01512,HDP
-,Advancing Health Equity in Pain and Comorbidities,HDP00893,HDP
-,Advancing Health Equity in Pain and Comorbidities,HDP00909,HDP
-,Discovery and Validation of Novel Targets for Safe and Effective Pain Treatment,HDP01646,HDP
-,-,HDP00558,HDP
-,Discovery and Validation of Novel Targets for Safe and Effective Treatment of Pain,HDP00482,HDP
-,Focusing Medication Development to Prevent and Treat Opioid Use Disorder and Overdose,HDP01530,HDP
JCOIN,Justice Community Overdose Innovation Network (JCOIN),HDP00716,HDP
JCOIN,Justice Community Overdose Innovation Network (JCOIN),HDP00640,HDP
JCOIN,Justice Community Overdose Innovation Network (JCOIN),HDP00553,HDP
-,Discovery and Validation of Novel Targets for Safe and Effective Treatment of Pain,HDP00652,HDP
JCOIN,Justice Community Overdose Innovation Network (JCOIN),HDP00503,HDP
JCOIN,Justice Community Overdose Innovation Network (JCOIN),HDP00686,HDP
-,Discovery and Validation of Novel Targets for Safe and Effective Treatment of Pain,HDP00583,HDP
-,-,HDP00647,HDP
-,Preventing Opioid Use Disorder,HDP00665,HDP
-,Preventing Opioid Use Disorder,HDP00693,HDP
-,-,HDP00612,HDP
-,Small Business Programs,HDP00448,HDP
-,Preventing Opioid Use Disorder,HDP00582,HDP
-,-,HDP00473,HDP
JCOIN,-,HDP00610,HDP
-,Small Business Programs,HDP00454,HDP
-,Small Business Programs,HDP00456,HDP
JCOIN,Justice Community Overdose Innovation Network (JCOIN),HDP00311,HDP
JCOIN,Justice Community Overdose Innovation Network (JCOIN),HDP00788,HDP
JCOIN,Justice Community Overdose Innovation Network (JCOIN),HDP00575,HDP
-,-,HDP00711,HDP
-,Small Business Programs,HDP00472,HDP
-,Small Business Programs,HDP00578,HDP
-,Small Business Programs,HDP00449,HDP
-,Small Business Programs,HDP00644,HDP
JCOIN,-,HDP01053,HDP
JCOIN,-,HDP01054,HDP
-,-,HDP00556,HDP
-,Preventing Opioid Use Disorder,HDP00334,HDP
-,-,HDP00708,HDP
-,Preventing Opioid Use Disorder,HDP00545,HDP
-,-,HDP00101,HDP
-,-,HDP00778,HDP
-,Preventing Opioid Use Disorder,HDP00489,HDP
-,-,HDP00567,HDP
JCOIN,-,HDP00463,HDP
-,Preventing Opioid Use Disorder,HDP00467,HDP
-,Preventing Opioid Use Disorder,HDP00082,HDP
-,Preventing Opioid Use Disorder,HDP00787,HDP
-,Preventing Opioid Use Disorder,HDP00725,HDP
-,Small Business Programs,HDP00452,HDP
-,Focusing Medication Development to Prevent and Treat Opioid Use Disorder and Overdose,HDP00107,HDP
JCOIN,Justice Community Overdose Innovation Network (JCOIN),HDP00512,HDP
-,Preventing Opioid Use Disorder,HDP00674,HDP
-,Focusing Medication Development to Prevent and Treat Opioid Use Disorder and Overdose,HDP00071,HDP
-,Small Business Programs,HDP00208,HDP
-,-,HDP00763,HDP
-,Small Business Programs,HDP00135,HDP
-,Small Business Programs,HDP00514,HDP
-,-,HDP00602,HDP
-,Focusing Medication Development to Prevent and Treat Opioid Use Disorder and Overdose,HDP00281,HDP
-,Preventing Opioid Use Disorder,HDP00516,HDP
-,Focusing Medication Development to Prevent and Treat Opioid Use Disorder and Overdose,HDP00343,HDP
-,Focusing Medication Development to Prevent and Treat Opioid Use Disorder and Overdose,HDP00090,HDP
-,Focusing Medication Development to Prevent and Treat Opioid Use Disorder and Overdose,HDP00761,HDP
-,Focusing Medication Development to Prevent and Treat Opioid Use Disorder and Overdose,HDP00179,HDP
-,Focusing Medication Development to Prevent and Treat Opioid Use Disorder and Overdose,HDP00765,HDP
-,Small Business Programs,HDP00368,HDP
-,Small Business Programs,HDP00186,HDP
-,Small Business Programs,HDP00001,HDP
-,Focusing Medication Development to Prevent and Treat Opioid Use Disorder and Overdose,HDP00296,HDP
-,Focusing Medication Development to Prevent and Treat Opioid Use Disorder and Overdose,HDP00226,HDP
-,Focusing Medication Development to Prevent and Treat Opioid Use Disorder and Overdose,HDP00096,HDP
-,-,HDP00018,HDP
-,Focusing Medication Development to Prevent and Treat Opioid Use Disorder and Overdose,HDP00057,HDP
-,Focusing Medication Development to Prevent and Treat Opioid Use Disorder and Overdose,HDP00468,HDP
-,Focusing Medication Development to Prevent and Treat Opioid Use Disorder and Overdose,HDP00105,HDP
-,Focusing Medication Development to Prevent and Treat Opioid Use Disorder and Overdose,HDP00313,HDP
-,-,HDP00772,HDP
-,Focusing Medication Development to Prevent and Treat Opioid Use Disorder and Overdose,HDP01120,HDP
-,Focusing Medication Development to Prevent and Treat Opioid Use Disorder and Overdose,HDP00045,HDP
-,Focusing Medication Development to Prevent and Treat Opioid Use Disorder and Overdose,HDP00399,HDP
-,Focusing Medication Development to Prevent and Treat Opioid Use Disorder and Overdose,HDP00213,HDP
-,Focusing Medication Development to Prevent and Treat Opioid Use Disorder and Overdose,HDP00493,HDP
-,-,HDP00241,HDP
-,Focusing Medication Development to Prevent and Treat Opioid Use Disorder and Overdose,HDP00479,HDP
-,Focusing Medication Development to Prevent and Treat Opioid Use Disorder and Overdose,HDP00168,HDP
-,-,HDP00779,HDP
-,Focusing Medication Development to Prevent and Treat Opioid Use Disorder and Overdose,HDP00873,HDP
-,Focusing Medication Development to Prevent and Treat Opioid Use Disorder and Overdose,HDP00121,HDP
-,Focusing Medication Development to Prevent and Treat Opioid Use Disorder and Overdose,HDP01137,HDP
-,Focusing Medication Development to Prevent and Treat Opioid Use Disorder and Overdose,HDP00138,HDP
-,-,HDP00067,HDP
-,Focusing Medication Development to Prevent and Treat Opioid Use Disorder and Overdose,HDP00507,HDP
-,Small Business Programs,HDP00060,HDP
-,Small Business Programs,HDP00182,HDP
-,Small Business Programs,HDP00348,HDP
-,Focusing Medication Development to Prevent and Treat Opioid Use Disorder and Overdose,HDP00279,HDP
-,Focusing Medication Development to Prevent and Treat Opioid Use Disorder and Overdose,HDP00619,HDP
-,Small Business Programs,HDP00022,HDP
-,Small Business Programs,HDP00222,HDP
-,Small Business Programs,HDP00858,HDP
-,Focusing Medication Development to Prevent and Treat Opioid Use Disorder and Overdose,HDP00326,HDP
-,Leveraging Existing and Real-Time Opioid and Pain Management Data,HDP00961,HDP
-,Preventing Opioid Use Disorder,HDP00476,HDP
-,Preventing Opioid Use Disorder,HDP00672,HDP
JCOIN,Justice Community Overdose Innovation Network (JCOIN),HDP00091,HDP
-,Focusing Medication Development to Prevent and Treat Opioid Use Disorder and Overdose,HDP00143,HDP
-,Focusing Medication Development to Prevent and Treat Opioid Use Disorder and Overdose,HDP00142,HDP
-,Focusing Medication Development to Prevent and Treat Opioid Use Disorder and Overdose,HDP00709,HDP
-,Focusing Medication Development to Prevent and Treat Opioid Use Disorder and Overdose,HDP00046,HDP
-,Focusing Medication Development to Prevent and Treat Opioid Use Disorder and Overdose,HDP00077,HDP
-,Focusing Medication Development to Prevent and Treat Opioid Use Disorder and Overdose,HDP00679,HDP
-,Focusing Medication Development to Prevent and Treat Opioid Use Disorder and Overdose,HDP00646,HDP
-,-,HDP00250,HDP
-,-,HDP00798,HDP
-,Focusing Medication Development to Prevent and Treat Opioid Use Disorder and Overdose,HDP00042,HDP
-,Focusing Medication Development to Prevent and Treat Opioid Use Disorder and Overdose,HDP00380,HDP
-,-,HDP00315,HDP
-,Focusing Medication Development to Prevent and Treat Opioid Use Disorder and Overdose,HDP00744,HDP
-,Focusing Medication Development to Prevent and Treat Opioid Use Disorder and Overdose,HDP00312,HDP
-,Focusing Medication Development to Prevent and Treat Opioid Use Disorder and Overdose,HDP00228,HDP
-,Focusing Medication Development to Prevent and Treat Opioid Use Disorder and Overdose,HDP00372,HDP
-,Focusing Medication Development to Prevent and Treat Opioid Use Disorder and Overdose,HDP00757,HDP
-,-,HDP00373,HDP
-,Focusing Medication Development to Prevent and Treat Opioid Use Disorder and Overdose,HDP00112,HDP
-,Focusing Medication Development to Prevent and Treat Opioid Use Disorder and Overdose,HDP00780,HDP
-,Focusing Medication Development to Prevent and Treat Opioid Use Disorder and Overdose,HDP00522,HDP
-,Focusing Medication Development to Prevent and Treat Opioid Use Disorder and Overdose,HDP00342,HDP
-,-,HDP01547,HDP
-,Small Business Programs,HDP00232,HDP
-,Small Business Programs,HDP01099,HDP
-,Focusing Medication Development to Prevent and Treat Opioid Use Disorder and Overdose,HDP00220,HDP
-,Focusing Medication Development to Prevent and Treat Opioid Use Disorder and Overdose,HDP01326,HDP
-,Focusing Medication Development to Prevent and Treat Opioid Use Disorder and Overdose,HDP00389,HDP
-,Focusing Medication Development to Prevent and Treat Opioid Use Disorder and Overdose,HDP00274,HDP
HPC,-,HDP00586,HDP
-,Focusing Medication Development to Prevent and Treat Opioid Use Disorder and Overdose,HDP00304,HDP
-,Focusing Medication Development to Prevent and Treat Opioid Use Disorder and Overdose,HDP00146,HDP
-,Focusing Medication Development to Prevent and Treat Opioid Use Disorder and Overdose,HDP00292,HDP
-,Focusing Medication Development to Prevent and Treat Opioid Use Disorder and Overdose,HDP00043,HDP
A2CPS,-,HDP01069,HDP
A2CPS,Acute to Chronic Pain Signatures Program,HDP01123,HDP
-,Small Business Programs,HDP00450,HDP
-,Small Business Programs,HDP00154,HDP
-,Preventing Opioid Use Disorder,HDP00546,HDP
-,Small Business Programs,HDP00172,HDP
HEALING COMMUNITIES,-,HDP00360,HDP
HEALING COMMUNITIES,-,HDP00598,HDP
HEALING COMMUNITIES,HEALing Communities Study,HDP00855,HDP
HEALING COMMUNITIES,HEALing Communities Study,HDP00852,HDP
HEALING COMMUNITIES,HEALing Communities Study,HDP00853,HDP
HEALING COMMUNITIES,HEALing Communities Study,HDP00084,HDP
HEALING COMMUNITIES,HEALing Communities Study,HDP00036,HDP
HEALING COMMUNITIES,HEALing Communities Study,HDP00857,HDP
-,Training the Next Generation of Researchers in HEAL,HDP01252,HDP
HEALING COMMUNITIES,-,HDP00616,HDP
HEALING COMMUNITIES,HEALing Communities Study,HDP00150,HDP
HEALING COMMUNITIES,HEALing Communities Study,HDP00074,HDP
-,Small Business Programs,HDP00129,HDP
-,Small Business Programs,HDP00156,HDP
-,Small Business Programs,HDP00270,HDP
-,-,HDP00070,HDP
-,Focusing Medication Development to Prevent and Treat Opioid Use Disorder and Overdose,HDP00376,HDP
-,-,HDP00400,HDP
-,Small Business Programs,HDP00093,HDP
-,Small Business Programs,HDP00278,HDP
-,Small Business Programs,HDP00305,HDP
-,Small Business Programs,HDP00184,HDP
-,Small Business Programs,HDP00020,HDP
-,Small Business Programs,HDP00194,HDP
-,-,HDP01245,HDP
-,Small Business Programs,HDP00307,HDP
-,Small Business Programs,HDP00170,HDP
-,-,HDP00064,HDP
-,Small Business Programs,HDP01439,HDP
-,Focusing Medication Development to Prevent and Treat Opioid Use Disorder and Overdose,HDP00244,HDP
-,Preventing Opioid Use Disorder,HDP00102,HDP
-,Preventing Opioid Use Disorder,HDP00331,HDP
JCOIN,-,HDP00163,HDP
JCOIN,-,HDP00362,HDP
JCOIN,Justice Community Overdose Innovation Network (JCOIN),HDP00817,HDP
JCOIN,Justice Community Overdose Innovation Network (JCOIN),HDP00870,HDP
JCOIN,-,HDP00262,HDP
JCOIN,-,HDP00166,HDP
-,-,HDP01572,HDP
JCOIN,-,HDP00217,HDP
JCOIN,-,HDP00848,HDP
JCOIN,-,HDP00145,HDP
JCOIN,Justice Community Overdose Innovation Network (JCOIN),HDP00755,HDP
JCOIN,-,HDP00878,HDP
-,Justice Community Overdose Innovation Network (JCOIN),HDP01394,HDP
JCOIN,Sleep Dysfunction as a Core Feature of Opioid Use Disorder and Recovery,HDP00669,HDP
JCOIN,Justice Community Overdose Innovation Network (JCOIN),HDP00751,HDP
JCOIN,-,HDP00183,HDP
JCOIN,-,HDP00178,HDP
-,Justice Community Overdose Innovation Network (JCOIN),HDP00643,HDP
JCOIN,-,HDP01271,HDP
JCOIN,Justice Community Opioid Innovation Network (JCOIN),HDP00192,HDP
JCOIN,Justice Community Overdose Innovation Network (JCOIN),HDP00727,HDP
JCOIN,Justice Community Overdose Innovation Network (JCOIN),HDP00834,HDP
JCOIN,Justice Community Overdose Innovation Network (JCOIN),HDP00866,HDP
JCOIN,-,HDP01259,HDP
JCOIN,-,HDP01281,HDP
JCOIN,Justice Community Overdose Innovation Network (JCOIN),HDP00436,HDP
JCOIN,Justice Community Overdose Innovation Network (JCOIN),HDP00438,HDP
JCOIN,Justice Community Overdose Innovation Network (JCOIN),HDP00439,HDP
JCOIN,Justice Community Overdose Innovation Network (JCOIN),HDP00435,HDP
JCOIN,Justice Community Overdose Innovation Network (JCOIN),HDP00437,HDP
JCOIN,Justice Community Opioid Innovation Network (JCOIN),HDP00016,HDP
JCOIN,Justice Community Overdose Innovation Network (JCOIN),HDP00418,HDP
JCOIN,Justice Community Overdose Innovation Network (JCOIN),HDP00419,HDP
JCOIN,Justice Community Overdose Innovation Network (JCOIN),HDP00420,HDP
JCOIN,Justice Community Overdose Innovation Network (JCOIN),HDP00421,HDP
HPC,Preventing Opioid Use Disorder,HDP00065,HDP
HPC,Preventing Opioid Use Disorder,HDP00533,HDP
HPC,Preventing Opioid Use Disorder,HDP00297,HDP
HPC,Preventing Opioid Use Disorder,HDP01334,HDP
HPC,Optimizing Care for People with Opioid Use Disorder and Mental Health Conditions,HDP00486,HDP
HPC,Preventing Opioid Use Disorder,HDP00710,HDP
-,Preventing Opioid Use Disorder,HDP01255,HDP
HPC,Preventing Opioid Use Disorder,HDP00203,HDP
HPC,Preventing Opioid Use Disorder,HDP01522,HDP
HPC,Preventing Opioid Use Disorder,HDP00301,HDP
HPC,Preventing Opioid Use Disorder,HDP00747,HDP
HPC,Preventing Opioid Use Disorder,HDP00229,HDP
HPC,-,HDP01333,HDP
HPC,Preventing Opioid Use Disorder,HDP00288,HDP
HPC,-,HDP01332,HDP
HPC,-,HDP00215,HDP
-,Preventing Opioid Use Disorder,HDP00461,HDP
-,-,HDP00552,HDP
-,Preventing Opioid Use Disorder,HDP00767,HDP
-,HEALthy Brain and Child Development (HBCD) Study,HDP00193,HDP
-,HEALthy Brain and Child Development (HBCD) Study,HDP00869,HDP
HPC,Preventing Opioid Use Disorder,HDP00011,HDP
HPC,Preventing Opioid Use Disorder,HDP01331,HDP
HPC,Preventing Opioid Use Disorder,HDP00285,HDP
HPC,-,HDP01330,HDP
HPC,Preventing Opioid Use Disorder,HDP00611,HDP
HPC,Preventing Opioid Use Disorder,HDP00277,HDP
HPC,Preventing Opioid Use Disorder,HDP01335,HDP
-,HEALthy Brain and Child Development (HBCD) Study,HDP00092,HDP
-,HEALthy Brain and Child Development (HBCD) Study,HDP00844,HDP
-,HEALthy Brain and Child Development (HBCD) Study,HDP00839,HDP
-,HEALthy Brain and Child Development (HBCD) Study,HDP00050,HDP
-,HEALthy Brain and Child Development (HBCD) Study,HDP00785,HDP
-,HEALthy Brain and Child Development (HBCD) Study,HDP00784,HDP
-,HEALthy Brain and Child Development (HBCD) Study,HDP00383,HDP
-,HEALthy Brain and Child Development (HBCD) Study,HDP00760,HDP
-,HEALthy Brain and Child Development (HBCD) Study,HDP00758,HDP
-,HEALthy Brain and Child Development (HBCD) Study,HDP00109,HDP
-,HEALthy Brain and Child Development (HBCD) Study,HDP00820,HDP
-,HEALthy Brain and Child Development (HBCD) Study,HDP00032,HDP
-,HEALthy Brain and Child Development (HBCD) Study,HDP00843,HDP
-,HEALthy Brain and Child Development (HBCD) Study,HDP00838,HDP
-,HEALthy Brain and Child Development (HBCD) Study,HDP00013,HDP
-,HEALthy Brain and Child Development (HBCD) Study,HDP00829,HDP
-,HEALthy Brain and Child Development (HBCD) Study,HDP00827,HDP
-,HEALthy Brain and Child Development (HBCD) Study,HDP00225,HDP
-,HEALthy Brain and Child Development (HBCD) Study,HDP00768,HDP
-,HEALthy Brain and Child Development (HBCD) Study,HDP00273,HDP
-,HEALthy Brain and Child Development (HBCD) Study,HDP00756,HDP
-,HEALthy Brain and Child Development (HBCD) Study,HDP00753,HDP
-,HEALthy Brain and Child Development (HBCD) Study,HDP00319,HDP
-,HEALthy Brain and Child Development (HBCD) Study,HDP00877,HDP
-,HEALthy Brain and Child Development (HBCD) Study,HDP00402,HDP
-,HEALthy Brain and Child Development (HBCD) Study,HDP00821,HDP
-,HEALthy Brain and Child Development (HBCD) Study,HDP00816,HDP
-,HEALthy Brain and Child Development (HBCD) Study,HDP00393,HDP
-,HEALthy Brain and Child Development (HBCD) Study,HDP00842,HDP
-,Focusing Medication Development to Prevent and Treat Opioid Use Disorder and Overdose,HDP00398,HDP
-,HEALthy Brain and Child Development (HBCD) Study,HDP00269,HDP
-,HEALthy Brain and Child Development (HBCD) Study,HDP00804,HDP
-,HEALthy Brain and Child Development (HBCD) Study,HDP00803,HDP
-,HEALthy Brain and Child Development (HBCD) Study,HDP00207,HDP
-,HEALthy Brain and Child Development (HBCD) Study,HDP00813,HDP
-,HEALthy Brain and Child Development (HBCD) Study,HDP00809,HDP
IMPOWR,Reducing Opioid-Related Harms to Treat Chronic Pain (IMPOWR and MIRHIQL),HDP00006,HDP
IMPOWR,Reducing Opioid-Related Harms to Treat Chronic Pain (IMPOWR and MIRHIQL),HDP00806,HDP
-,HEALthy Brain and Child Development (HBCD) Study,HDP00128,HDP
-,HEALthy Brain and Child Development (HBCD) Study,HDP00880,HDP
-,HEALthy Brain and Child Development (HBCD) Study,HDP00322,HDP
-,HEALthy Brain and Child Development (HBCD) Study,HDP00876,HDP
-,HEALthy Brain and Child Development (HBCD) Study,HDP00875,HDP
-,HEALthy Brain and Child Development (HBCD) Study,HDP00871,HDP
-,HEALthy Brain and Child Development (HBCD) Study,HDP00175,HDP
-,HEALthy Brain and Child Development (HBCD) Study,HDP00841,HDP
IMPOWR,Reducing Opioid-Related Harms to Treat Chronic Pain (IMPOWR and MIRHIQL),HDP00836,HDP
IMPOWR,Reducing Opioid-Related Harms to Treat Chronic Pain (IMPOWR and MIRHIQL),HDP00359,HDP
-,HEALthy Brain and Child Development (HBCD) Study,HDP00814,HDP
-,HEALthy Brain and Child Development (HBCD) Study,HDP00810,HDP
-,HEALthy Brain and Child Development (HBCD) Study,HDP00808,HDP
-,HEALthy Brain and Child Development (HBCD) Study,HDP00189,HDP
-,HEALthy Brain and Child Development (HBCD) Study,HDP00776,HDP
-,HEALthy Brain and Child Development (HBCD) Study,HDP00775,HDP
-,HEALthy Brain and Child Development (HBCD) Study,HDP00133,HDP
-,HEALthy Brain and Child Development (HBCD) Study,HDP00861,HDP
-,HEALthy Brain and Child Development (HBCD) Study,HDP00859,HDP
-,HEALthy Brain and Child Development (HBCD) Study,HDP00856,HDP
-,HEALthy Brain and Child Development (HBCD) Study,HDP00352,HDP
-,HEALthy Brain and Child Development (HBCD) Study,HDP00792,HDP
-,HEALthy Brain and Child Development (HBCD) Study,HDP00404,HDP
-,HEALthy Brain and Child Development (HBCD) Study,HDP00805,HDP
-,HEALthy Brain and Child Development (HBCD) Study,HDP00375,HDP
-,HEALthy Brain and Child Development (HBCD) Study,HDP00786,HDP
-,HEALthy Brain and Child Development (HBCD) Study,HDP00781,HDP
-,Focusing Medication Development to Prevent and Treat Opioid Use Disorder and Overdose,HDP00374,HDP
-,Focusing Medication Development to Prevent and Treat Opioid Use Disorder and Overdose,HDP00224,HDP
-,Focusing Medication Development to Prevent and Treat Opioid Use Disorder and Overdose,HDP00053,HDP
-,Focusing Medication Development to Prevent and Treat Opioid Use Disorder and Overdose,HDP00300,HDP
-,Focusing Medication Development to Prevent and Treat Opioid Use Disorder and Overdose,HDP00021,HDP
-,Focusing Medication Development to Prevent and Treat Opioid Use Disorder and Overdose,HDP00789,HDP
-,Focusing Medication Development to Prevent and Treat Opioid Use Disorder and Overdose,HDP00377,HDP
-,Focusing Medication Development to Prevent and Treat Opioid Use Disorder and Overdose,HDP00371,HDP
-,Focusing Medication Development to Prevent and Treat Opioid Use Disorder and Overdose,HDP00879,HDP
-,-,HDP00333,HDP
-,Focusing Medication Development to Prevent and Treat Opioid Use Disorder and Overdose,HDP00181,HDP
-,Focusing Medication Development to Prevent and Treat Opioid Use Disorder and Overdose,HDP00204,HDP
-,Sleep Dysfunction as a Core Feature of Opioid Use Disorder and Recovery,HDP00465,HDP
-,Focusing Medication Development to Prevent and Treat Opioid Use Disorder and Overdose,HDP00807,HDP
-,Small Business Programs,HDP00246,HDP
-,Small Business Programs,HDP00381,HDP
-,HEALthy Brain and Child Development (HBCD) Study,HDP00351,HDP
-,HEALthy Brain and Child Development (HBCD) Study,HDP00769,HDP
-,HEALthy Brain and Child Development (HBCD) Study,HDP00087,HDP
-,HEALthy Brain and Child Development (HBCD) Study,HDP00845,HDP
-,HEALthy Brain and Child Development (HBCD) Study,HDP00840,HDP
-,HEALthy Brain and Child Development (HBCD) Study,HDP00837,HDP
-,HEALthy Brain and Child Development (HBCD) Study,HDP00124,HDP
-,HEALthy Brain and Child Development (HBCD) Study,HDP00777,HDP
-,HEALthy Brain and Child Development (HBCD) Study,HDP00774,HDP
-,HEALthy Brain and Child Development (HBCD) Study,HDP00199,HDP
-,HEALthy Brain and Child Development (HBCD) Study,HDP00819,HDP
-,HEALthy Brain and Child Development (HBCD) Study,HDP00815,HDP
-,Small Business Programs,HDP00123,HDP
-,Small Business Programs,HDP00455,HDP
-,Small Business Programs,HDP00139,HDP
IMPOWR,Reducing Opioid-Related Harms to Treat Chronic Pain (IMPOWR and MIRHIQL),HDP00141,HDP
IMPOWR,Reducing Opioid-Related Harms to Treat Chronic Pain (IMPOWR and MIRHIQL),HDP00925,HDP
-,Small Business Programs,HDP00075,HDP
-,Small Business Programs,HDP00453,HDP
-,Small Business Programs,HDP00206,HDP
-,Small Business Programs,HDP00089,HDP
-,Small Business Programs,HDP00320,HDP
-,Small Business Programs,HDP00024,HDP
-,Small Business Programs,HDP00783,HDP
-,-,HDP00259,HDP
-,Small Business Programs,HDP00790,HDP
-,Small Business Programs,HDP00159,HDP
-,Small Business Programs,HDP01092,HDP
-,Small Business Programs,HDP00026,HDP
-,Small Business Programs,HDP00240,HDP
-,Small Business Programs,HDP00447,HDP
-,Small Business Programs,HDP00835,HDP
-,Recovery Research Networks,HDP00396,HDP
JCOIN,-,HDP00357,HDP
JCOIN,Justice Community Overdose Innovation Network (JCOIN),HDP00664,HDP
JCOIN,Justice Community Overdose Innovation Network (JCOIN),HDP00722,HDP
JCOIN,-,HDP00963,HDP
JCOIN,Leveraging Existing and Real-Time Opioid and Pain Management Data,HDP01278,HDP
-,Justice Community Overdose Innovation Network (JCOIN),HDP01375,HDP
-,Focusing Medication Development to Prevent and Treat Opioid Use Disorder and Overdose,HDP01240,HDP
-,Focusing Medication Development to Prevent and Treat Opioid Use Disorder and Overdose,HDP00350,HDP
-,Focusing Medication Development to Prevent and Treat Opioid Use Disorder and Overdose,HDP00126,HDP
-,Behavioral Research to Improve Medication-Based Treatment,HDP00363,HDP
-,Optimizing Care for People with Opioid Use Disorder and Mental Health Conditions,HDP00681,HDP
-,Focusing Medication Development to Prevent and Treat Opioid Use Disorder and Overdose,HDP00260,HDP
-,Pain Management Effectiveness Research Network (ERN),HDP00085,HDP
PAIN ERN,-,HDP01492,HDP
-,-,HDP00759,HDP
-,-,HDP00354,HDP
-,-,HDP00052,HDP
-,-,HDP00797,HDP
-,Small Business Programs,HDP00953,HDP
-,Focusing Medication Development to Prevent and Treat Opioid Use Disorder and Overdose,HDP00069,HDP
-,Focusing Medication Development to Prevent and Treat Opioid Use Disorder and Overdose,HDP00048,HDP
-,Recovery Research Networks,HDP00134,HDP
-,Recovery Research Networks,HDP01002,HDP
-,-,HDP01545,HDP
-,-,HDP01254,HDP
-,-,HDP01249,HDP
-,Recovery Research Networks,HDP01012,HDP
-,Recovery Research Networks,HDP01282,HDP
-,Recovery Research Networks,HDP01283,HDP
-,Recovery Research Networks,HDP01484,HDP
-,Recovery Research Networks,HDP01485,HDP
-,Recovery Research Networks,HDP01597,HDP
-,Recovery Research Networks,HDP00083,HDP
-,-,HDP01243,HDP
-,Focusing Medication Development to Prevent and Treat Opioid Use Disorder and Overdose,HDP00263,HDP
-,Focusing Medication Development to Prevent and Treat Opioid Use Disorder and Overdose,HDP00088,HDP
JCOIN,-,HDP01062,HDP
-,Small Business Programs,HDP01087,HDP
-,-,HDP01221,HDP
-,Focusing Medication Development to Prevent and Treat Opioid Use Disorder and Overdose,HDP00918,HDP
-,Focusing Medication Development to Prevent and Treat Opioid Use Disorder and Overdose,HDP00023,HDP
-,Focusing Medication Development to Prevent and Treat Opioid Use Disorder and Overdose,HDP00345,HDP
-,Small Business Programs,HDP00958,HDP
-,Focusing Medication Development to Prevent and Treat Opioid Use Disorder and Overdose,HDP01034,HDP
-,Focusing Medication Development to Prevent and Treat Opioid Use Disorder and Overdose,HDP00008,HDP
-,Focusing Medication Development to Prevent and Treat Opioid Use Disorder and Overdose,HDP00196,HDP
-,Focusing Medication Development to Prevent and Treat Opioid Use Disorder and Overdose,HDP00254,HDP
IMPOWR,Reducing Opioid-Related Harms to Treat Chronic Pain (IMPOWR and MIRHIQL),HDP00039,HDP
IMPOWR,Reducing Opioid-Related Harms to Treat Chronic Pain (IMPOWR and MIRHIQL),HDP01045,HDP
IMPOWR,Training the Next Generation of Researchers in HEAL,HDP00983,HDP
IMPOWR,-,HDP00086,HDP
IMPOWR,-,HDP00889,HDP
IMPOWR,Reducing Opioid-Related Harms to Treat Chronic Pain (IMPOWR and MIRHIQL),HDP00280,HDP
IMPOWR,Reducing Opioid-Related Harms to Treat Chronic Pain (IMPOWR and MIRHIQL),HDP01046,HDP
IMPOWR,Reducing Opioid-Related Harms to Treat Chronic Pain (IMPOWR and MIRHIQL),HDP00800,HDP
IMPOWR,Reducing Opioid-Related Harms to Treat Chronic Pain (IMPOWR and MIRHIQL),HDP00290,HDP
IMPOWR,Reducing Opioid-Related Harms to Treat Chronic Pain (IMPOWR and MIRHIQL),HDP01047,HDP
IMPOWR,-,HDP01337,HDP
IMPOWR,-,HDP01511,HDP
-,-,HDP01013,HDP
HBCD,HEALthy Brain and Child Development Study (HBCD),HDP01232,HDP
-,Training the Next Generation of Researchers in HEAL,HDP01452,HDP
-,-,HDP00100,HDP
-,HEALthy Brain and Child Development (HBCD) Study,HDP00306,HDP
HBCD,HEALthy Brain and Child Development Study (HBCD),HDP01109,HDP
-,-,HDP01350,HDP
HBCD,HEALthy Brain and Child Development Study (HBCD),HDP01258,HDP
-,HEALthy Brain and Child Development (HBCD) Study,HDP01141,HDP
HBCD,HEALthy Brain and Child Development Study (HBCD),HDP01434,HDP
HBCD,HEALthy Brain and Child Development Study (HBCD),HDP00298,HDP
-,-,HDP01247,HDP
-,HEALthy Brain and Child Development (HBCD) Study,HDP00003,HDP
HBCD,HEALthy Brain and Child Development Study (HBCD),HDP01244,HDP
-,HEALthy Brain and Child Development (HBCD) Study,HDP01277,HDP
HBCD,HEALthy Brain and Child Development Study (HBCD),HDP01229,HDP
HBCD,HEALthy Brain and Child Development Study (HBCD),HDP00329,HDP
-,Training the Next Generation of Researchers in HEAL,HDP01406,HDP
HBCD,HEALthy Brain and Child Development Study (HBCD),HDP01231,HDP
HBCD,HEALthy Brain and Child Development Study (HBCD),HDP01248,HDP
-,HEALthy Brain and Child Development (HBCD) Study,HDP01132,HDP
HBCD,HEALthy Brain and Child Development Study (HBCD),HDP01235,HDP
HBCD,HEALthy Brain and Child Development Study (HBCD),HDP01250,HDP
-,HEALthy Brain and Child Development (HBCD) Study,HDP01134,HDP
-,-,HDP00234,HDP
-,Training the Next Generation of Researchers in HEAL,HDP01393,HDP
HBCD,HEALthy Brain and Child Development Study (HBCD),HDP01241,HDP
-,-,HDP01274,HDP
-,-,HDP00180,HDP
HBCD,HEALthy Brain and Child Development Study (HBCD),HDP00367,HDP
-,HEALthy Brain and Child Development (HBCD) Study,HDP01104,HDP
HBCD,HEALthy Brain and Child Development Study (HBCD),HDP00029,HDP
HBCD,HEALthy Brain and Child Development Study (HBCD),HDP00361,HDP
HBCD,HEALthy Brain and Child Development Study (HBCD),HDP00379,HDP
HBCD,HEALthy Brain and Child Development Study (HBCD),HDP00144,HDP
-,HEALthy Brain and Child Development (HBCD) Study,HDP01144,HDP
HBCD,HEALthy Brain and Child Development Study (HBCD),HDP01389,HDP
-,-,HDP00355,HDP
-,HEALthy Brain and Child Development (HBCD) Study,HDP01116,HDP
HBCD,HEALthy Brain and Child Development Study (HBCD),HDP01234,HDP
-,-,HDP00061,HDP
-,HEALthy Brain and Child Development (HBCD) Study,HDP01138,HDP
HBCD,HEALthy Brain and Child Development Study (HBCD),HDP01224,HDP
HBCD,HEALthy Brain and Child Development Study (HBCD),HDP00068,HDP
HBCD,HEALthy Brain and Child Development Study (HBCD),HDP00127,HDP
-,Small Business Programs,HDP00967,HDP
-,Small Business Programs,HDP01559,HDP
IMPOWR,Reducing Opioid-Related Harms to Treat Chronic Pain (IMPOWR and MIRHIQL),HDP00106,HDP
IMPOWR,Reducing Opioid-Related Harms to Treat Chronic Pain (IMPOWR and MIRHIQL),HDP01048,HDP
IMPOWR,Reducing Opioid-Related Harms to Treat Chronic Pain (IMPOWR and MIRHIQL),HDP01049,HDP
IMPOWR,-,HDP01509,HDP
-,Behavioral Research to Improve Medication-Based Treatment,HDP00822,HDP
-,Small Business Programs,HDP00950,HDP
-,Focusing Medication Development to Prevent and Treat Opioid Use Disorder and Overdose,HDP00977,HDP
-,Focusing Medication Development to Prevent and Treat Opioid Use Disorder and Overdose,HDP01009,HDP
-,-,HDP00966,HDP
-,Small Business Programs,HDP01391,HDP
-,Small Business Programs,HDP00892,HDP
-,Small Business Programs,HDP01016,HDP
IMPOWR,-,HDP01061,HDP
-,Focusing Medication Development to Prevent and Treat Opioid Use Disorder and Overdose,HDP00915,HDP
-,Focusing Medication Development to Prevent and Treat Opioid Use Disorder and Overdose,HDP01074,HDP
-,Focusing Medication Development to Prevent and Treat Opioid Use Disorder and Overdose,HDP00936,HDP
-,Focusing Medication Development to Prevent and Treat Opioid Use Disorder and Overdose,HDP00906,HDP
-,Focusing Medication Development to Prevent and Treat Opioid Use Disorder and Overdose,HDP00968,HDP
-,Focusing Medication Development to Prevent and Treat Opioid Use Disorder and Overdose,HDP00954,HDP
-,Focusing Medication Development to Prevent and Treat Opioid Use Disorder and Overdose,HDP00972,HDP
-,Training the Next Generation of Researchers in HEAL,HDP01467,HDP
-,-,HDP00997,HDP
-,Focusing Medication Development to Prevent and Treat Opioid Use Disorder and Overdose,HDP00910,HDP
-,Focusing Medication Development to Prevent and Treat Opioid Use Disorder and Overdose,HDP00943,HDP
-,Improving Delivery of Healthcare Services for Polysubstance Use,HDP00959,HDP
-,Discovery and Validation of Novel Targets for Safe and Effective Treatment of Pain,HDP00939,HDP
-,Preventing Opioid Use Disorder,HDP00923,HDP
-,Improving Delivery of Healthcare Services for Polysubstance Use,HDP00944,HDP
-,Leveraging Existing and Real-Time Opioid and Pain Management Data,HDP00938,HDP
-,Leveraging Existing and Real-Time Opioid and Pain Management Data,HDP00973,HDP
-,Training the Next Generation of Researchers in HEAL,HDP01468,HDP
DATA 2 ACTION,HEAL Data2Action (HD2A),HDP00988,HDP
DATA 2 ACTION,HEAL Data2Action (HD2A),HDP01336,HDP
-,Recovery Research Networks,HDP00908,HDP
-,Training the Next Generation of Researchers in HEAL,HDP01365,HDP
-,Leveraging Existing and Real-Time Opioid and Pain Management Data,HDP00975,HDP
-,-,HDP01140,HDP
-,Leveraging Existing and Real-Time Opioid and Pain Management Data,HDP01387,HDP
-,Improving Delivery of Healthcare Services for Polysubstance Use,HDP00916,HDP
-,Improving Delivery of Healthcare Services for Polysubstance Use,HDP00979,HDP
DATA 2 ACTION,HEAL Data2Action (HD2A),HDP01003,HDP
DATA 2 ACTION,HEAL Data2Action (HD2A),HDP01486,HDP
DATA 2 ACTION,HEAL Data2Action (HD2A),HDP01500,HDP
DATA 2 ACTION,HEAL Data2Action (HD2A),HDP01501,HDP
DATA 2 ACTION,HEAL Data2Action (HD2A),HDP01502,HDP
DATA 2 ACTION,HEAL Data2Action (HD2A),HDP01503,HDP
RISE,Research on Interventions for Stability & Engagement (RISE) Network,HDP01071,HDP
RISE,Research on Interventions for Stability & Engagement (RISE) Network,HDP01463,HDP
DATA 2 ACTION,HEAL Data2Action (HD2A),HDP00987,HDP
RISE,Research on Interventions for Stability & Engagement (RISE) Network,HDP01056,HDP
RISE,Research on Interventions for Stability & Engagement (RISE) Network,HDP01417,HDP
-,Recovery Research Networks,HDP00998,HDP
DATA 2 ACTION,HEAL Data2Action (HD2A),HDP01118,HDP
-,Leveraging Existing and Real-Time Opioid and Pain Management Data,HDP00927,HDP
-,-,HDP01098,HDP
-,Improving Delivery of Healthcare Services for Polysubstance Use,HDP00896,HDP
-,Recovery Research Networks,HDP01033,HDP
-,Recovery Research Networks,HDP01596,HDP
RISE,Research on Interventions for Stability & Engagement (RISE) Network,HDP01058,HDP
-,Improving Delivery of Healthcare Services for Polysubstance Use,HDP00899,HDP
-,Improving Delivery of Healthcare Services for Polysubstance Use,HDP01342,HDP
-,Training the Next Generation of Researchers in HEAL,HDP01408,HDP
RISE,Research on Interventions for Stability & Engagement (RISE) Network,HDP01060,HDP
DATA 2 ACTION,HEAL Data2Action (HD2A),HDP01021,HDP
RISE,Research on Interventions for Stability & Engagement (RISE) Network,HDP01072,HDP
RISE,Research on Interventions for Stability & Engagement (RISE) Network,HDP01064,HDP
RISE,Research on Interventions for Stability & Engagement (RISE) Network,HDP01052,HDP
-,Leveraging Existing and Real-Time Opioid and Pain Management Data,HDP00919,HDP
-,Recovery Research Networks,HDP00969,HDP
DATA 2 ACTION,HEAL Data2Action (HD2A),HDP00887,HDP
DATA 2 ACTION,HEAL Data2Action (HD2A),HDP01487,HDP
-,Recovery Research Networks,HDP00955,HDP
RISE,Research on Interventions for Stability & Engagement (RISE) Network,HDP01057,HDP
DATA 2 ACTION,HEAL Data2Action (HD2A),HDP00999,HDP
DATA 2 ACTION,HEAL Data2Action (HD2A),HDP01523,HDP
-,Leveraging Existing and Real-Time Opioid and Pain Management Data,HDP01005,HDP
-,Leveraging Existing and Real-Time Opioid and Pain Management Data,HDP01451,HDP
RISE,Research on Interventions for Stability & Engagement (RISE) Network,HDP01073,HDP
RISE,Research on Interventions for Stability & Engagement (RISE) Network,HDP01370,HDP
-,Improving Delivery of Healthcare Services for Polysubstance Use,HDP00964,HDP
-,Improving Delivery of Healthcare Services for Polysubstance Use,HDP00901,HDP
DATA 2 ACTION,HEAL Data2Action (HD2A),HDP00907,HDP
DATA 2 ACTION,HEAL Data2Action (HD2A),HDP01573,HDP
-,Leveraging Existing and Real-Time Opioid and Pain Management Data,HDP01000,HDP
-,Improving Delivery of Healthcare Services for Polysubstance Use,HDP00992,HDP
RISE,Research on Interventions for Stability & Engagement (RISE) Network,HDP01068,HDP
DATA 2 ACTION,HEAL Data2Action (HD2A),HDP00965,HDP
DATA 2 ACTION,HEAL Data2Action (HD2A),HDP01187,HDP
-,Leveraging Existing and Real-Time Opioid and Pain Management Data,HDP01001,HDP
-,Leveraging Existing and Real-Time Opioid and Pain Management Data,HDP01006,HDP
DATA 2 ACTION,HEAL Data2Action (HD2A),HDP00914,HDP
DATA 2 ACTION,Training the Next Generation of Researchers in HEAL,HDP01460,HDP
DATA 2 ACTION,HEAL Data2Action (HD2A),HDP01035,HDP
DATA 2 ACTION,HEAL Data2Action (HD2A),HDP01036,HDP
DATA 2 ACTION,HEAL Data2Action (HD2A),HDP01037,HDP
DATA 2 ACTION,HEAL Data2Action (HD2A),HDP01038,HDP
-,Behavioral Research to Improve Medication-Based Treatment,HDP01424,HDP
-,Training the Next Generation of Researchers in HEAL,HDP01423,HDP
-,Focusing Medication Development to Prevent and Treat Opioid Use Disorder and Overdose,HDP00991,HDP
-,Focusing Medication Development to Prevent and Treat Opioid Use Disorder and Overdose,HDP00970,HDP
-,-,HDP00947,HDP
-,Focusing Medication Development to Prevent and Treat Opioid Use Disorder and Overdose,HDP00978,HDP
RISE,-,HDP01075,HDP
-,Small Business Programs,HDP01096,HDP
-,Small Business Programs,HDP01103,HDP
-,Focusing Medication Development to Prevent and Treat Opioid Use Disorder and Overdose,HDP01121,HDP
-,Focusing Medication Development to Prevent and Treat Opioid Use Disorder and Overdose,HDP01626,HDP
-,Small Business Programs,HDP01086,HDP
-,Small Business Programs,HDP01097,HDP
-,Small Business Programs,HDP01094,HDP
-,Focusing Medication Development to Prevent and Treat Opioid Use Disorder and Overdose,HDP01085,HDP
-,Focusing Medication Development to Prevent and Treat Opioid Use Disorder and Overdose,HDP01165,HDP
-,Focusing Medication Development to Prevent and Treat Opioid Use Disorder and Overdose,HDP01090,HDP
-,Focusing Medication Development to Prevent and Treat Opioid Use Disorder and Overdose,HDP01088,HDP
-,Focusing Medication Development to Prevent and Treat Opioid Use Disorder and Overdose,HDP01136,HDP
-,Small Business Programs,HDP01369,HDP
MIRHIQL,Reducing Opioid-Related Harms to Treat Chronic Pain (IMPOWR and MIRHIQL),HDP01102,HDP
-,Small Business Programs,HDP01080,HDP
MIRHIQL,Reducing Opioid-Related Harms to Treat Chronic Pain (IMPOWR and MIRHIQL),HDP01105,HDP
MIRHIQL,-,HDP01112,HDP
-,-,HDP01602,HDP
MIRHIQL,Reducing Opioid-Related Harms to Treat Chronic Pain (IMPOWR and MIRHIQL),HDP01106,HDP
MIRHIQL,Reducing Opioid-Related Harms to Treat Chronic Pain (IMPOWR and MIRHIQL),HDP01113,HDP
-,Training the Next Generation of Researchers in HEAL,HDP01146,HDP
-,Training the Next Generation of Researchers in HEAL,HDP01107,HDP
-,Training the Next Generation of Researchers in HEAL,HDP01163,HDP
-,Small Business Programs,HDP01673,HDP
-,"Optimizing the Quality, Reach, and Impact of Addiction Services",HDP01115,HDP
-,"Optimizing the Quality, Reach, and Impact of Addiction Services",HDP01178,HDP
JCOIN,"Optimizing the Quality, Reach, and Impact of Addiction Services",HDP01156,HDP
-,"Optimizing the Quality, Reach, and Impact of Addiction Services",HDP01399,HDP
-,The Biology of Opioid Exposure during Pregnancy and Effects on Early Neuro-Behavioral Development,HDP01127,HDP
DATA 2 ACTION,HEAL Data2Action (HD2A),HDP01110,HDP
DATA 2 ACTION,HEAL Data2Action (HD2A),HDP01483,HDP
DATA 2 ACTION,HEAL Data2Action (HD2A),HDP01145,HDP
DATA 2 ACTION,HEAL Data2Action (HD2A),HDP01153,HDP
DATA 2 ACTION,HEAL Data2Action (HD2A),HDP01524,HDP
-,-,HDP01133,HDP
-,The Biology of Opioid Exposure during Pregnancy and Effects on Early Neuro-Behavioral Development,HDP01114,HDP
-,The Biology of Opioid Exposure during Pregnancy and Effects on Early Neuro-Behavioral Development,HDP01139,HDP
-,Focusing Medication Development to Prevent and Treat Opioid Use Disorder and Overdose,HDP01131,HDP
-,Focusing Medication Development to Prevent and Treat Opioid Use Disorder and Overdose,HDP01465,HDP
-,Focusing Medication Development to Prevent and Treat Opioid Use Disorder and Overdose,HDP01152,HDP
-,Focusing Medication Development to Prevent and Treat Opioid Use Disorder and Overdose,HDP01122,HDP
-,Small Business Programs,HDP01128,HDP
-,Small Business Programs,HDP01353,HDP
-,The Biology of Opioid Exposure during Pregnancy and Effects on Early Neuro-Behavioral Development,HDP01135,HDP
-,"Optimizing the Quality, Reach, and Impact of Addiction Services",HDP01167,HDP
-,Preventing Opioid Use Disorder,HDP01189,HDP
-,"Optimizing the Quality, Reach, and Impact of Addiction Services",HDP01179,HDP
-,Preventing Opioid Use Disorder,HDP01180,HDP
-,"Optimizing the Quality, Reach, and Impact of Addiction Services",HDP01186,HDP
-,"Optimizing the Quality, Reach, and Impact of Addiction Services",HDP01160,HDP
-,Preventing Opioid Use Disorder,HDP01188,HDP
-,Rapidly Assessing the Public Health Impact of Emerging Opioid Threats,HDP01201,HDP
-,Optimizing Care for People with Opioid Use Disorder and Mental Health Conditions,HDP01209,HDP
-,Optimizing Care for People with Opioid Use Disorder and Mental Health Conditions,HDP01196,HDP
-,Preventing Opioid Use Disorder,HDP01205,HDP
-,Optimizing Care for People with Opioid Use Disorder and Mental Health Conditions,HDP01157,HDP
-,Virtual Assessments to Understand Developmental Trajectories of Substance Use Exposure,HDP01158,HDP
-,Virtual Assessments to Understand Developmental Trajectories of Substance Use Exposure,HDP01181,HDP
-,Virtual Assessments to Understand Developmental Trajectories of Substance Use Exposure,HDP01164,HDP
-,-,HDP01647,HDP
-,Sleep Dysfunction as a Core Feature of Opioid Use Disorder and Recovery,HDP01211,HDP
-,Sleep Dysfunction as a Core Feature of Opioid Use Disorder and Recovery,HDP01159,HDP
-,Sleep Dysfunction as a Core Feature of Opioid Use Disorder and Recovery,HDP01162,HDP
-,Sleep Dysfunction as a Core Feature of Opioid Use Disorder and Recovery,HDP01218,HDP
-,Sleep Dysfunction as a Core Feature of Opioid Use Disorder and Recovery,HDP01207,HDP
-,-,HDP01554,HDP
-,-,HDP01534,HDP
-,Training the Next Generation of Researchers in HEAL,HDP01216,HDP
-,-,HDP01568,HDP
-,Focusing Medication Development to Prevent and Treat Opioid Use Disorder and Overdose,HDP01457,HDP
-,"Optimizing the Quality, Reach, and Impact of Addiction Services",HDP01191,HDP
-,"Optimizing the Quality, Reach, and Impact of Addiction Services",HDP01182,HDP
-,"Optimizing the Quality, Reach, and Impact of Addiction Services",HDP01161,HDP
-,"Optimizing the Quality, Reach, and Impact of Addiction Services",HDP01183,HDP
-,"Optimizing the Quality, Reach, and Impact of Addiction Services",HDP01213,HDP
-,"Optimizing the Quality, Reach, and Impact of Addiction Services",HDP01349,HDP
-,"Optimizing the Quality, Reach, and Impact of Addiction Services",HDP01217,HDP
-,"Optimizing the Quality, Reach, and Impact of Addiction Services",HDP01200,HDP
-,"Optimizing the Quality, Reach, and Impact of Addiction Services",HDP01202,HDP
-,"Optimizing the Quality, Reach, and Impact of Addiction Services",HDP01172,HDP
-,Focusing Medication Development to Prevent and Treat Opioid Use Disorder and Overdose,HDP01354,HDP
-,Small Business Programs,HDP01355,HDP
-,Focusing Medication Development to Prevent and Treat Opioid Use Disorder and Overdose,HDP01426,HDP
-,-,HDP01458,HDP
-,Preventing Opioid Use Disorder,HDP01665,HDP
-,-,HDP01659,HDP
-,-,HDP01600,HDP
-,Training the Next Generation of Researchers in HEAL,HDP01520,HDP
-,Training the Next Generation of Researchers in HEAL,HDP01414,HDP
-,Training the Next Generation of Researchers in HEAL,HDP01461,HDP
-,Training the Next Generation of Researchers in HEAL,HDP01430,HDP
-,-,HDP01616,HDP
-,Focusing Medication Development to Prevent and Treat Opioid Use Disorder and Overdose,HDP01567,HDP
-,Small Business Programs,HDP01563,HDP
-,Small Business Programs,HDP01598,HDP
-,Small Business Programs,HDP01413,HDP
-,Small Business Programs,HDP01546,HDP
-,Focusing Medication Development to Prevent and Treat Opioid Use Disorder and Overdose,HDP01411,HDP
-,Focusing Medication Development to Prevent and Treat Opioid Use Disorder and Overdose,HDP01366,HDP
-,Small Business Programs,HDP01466,HDP
-,Small Business Programs,HDP01560,HDP
-,-,HDP01529,HDP
-,-,HDP01533,HDP
-,Training the Next Generation of Researchers in HEAL,HDP01347,HDP
-,-,HDP01664,HDP
-,Training the Next Generation of Researchers in HEAL,HDP01569,HDP
-,Training the Next Generation of Researchers in HEAL,HDP01421,HDP
-,Training the Next Generation of Researchers in HEAL,HDP01402,HDP
-,-,HDP01558,HDP
-,"Optimizing the Quality, Reach, and Impact of Addiction Services",HDP01435,HDP
-,"Optimizing the Quality, Reach, and Impact of Addiction Services",HDP01420,HDP
-,"Optimizing the Quality, Reach, and Impact of Addiction Services",HDP01670,HDP
-,"Optimizing the Quality, Reach, and Impact of Addiction Services",HDP01620,HDP
-,"Optimizing the Quality, Reach, and Impact of Addiction Services",HDP01645,HDP
-,"Optimizing the Quality, Reach, and Impact of Addiction Services",HDP01442,HDP
JCOIN,"Optimizing the Quality, Reach, and Impact of Addiction Services",HDP01441,HDP
JCOIN,"Optimizing the Quality, Reach, and Impact of Addiction Services",HDP01472,HDP
-,-,HDP01624,HDP
-,"Optimizing the Quality, Reach, and Impact of Addiction Services",HDP01456,HDP
-,"Optimizing the Quality, Reach, and Impact of Addiction Services",HDP01617,HDP
-,"Optimizing the Quality, Reach, and Impact of Addiction Services",HDP01418,HDP
-,Small Business Programs,HDP01471,HDP
-,-,HDP01453,HDP
-,Focusing Medication Development to Prevent and Treat Opioid Use Disorder and Overdose,HDP01470,HDP
-,Focusing Medication Development to Prevent and Treat Opioid Use Disorder and Overdose,HDP01385,HDP
-,Focusing Medication Development to Prevent and Treat Opioid Use Disorder and Overdose,HDP01562,HDP
-,-,HDP01661,HDP
-,Focusing Medication Development to Prevent and Treat Opioid Use Disorder and Overdose,HDP01565,HDP
-,Preventing Opioid Use Disorder,HDP01561,HDP
-,Small Business Programs,HDP01438,HDP
-,Focusing Medication Development to Prevent and Treat Opioid Use Disorder and Overdose,HDP01427,HDP
-,Focusing Medication Development to Prevent and Treat Opioid Use Disorder and Overdose,HDP01388,HDP
-,Focusing Medication Development to Prevent and Treat Opioid Use Disorder and Overdose,HDP01404,HDP
-,Training the Next Generation of Researchers in HEAL,HDP01539,HDP
-,Focusing Medication Development to Prevent and Treat Opioid Use Disorder and Overdose,HDP01437,HDP
-,Focusing Medication Development to Prevent and Treat Opioid Use Disorder and Overdose,HDP01603,HDP
-,Focusing Medication Development to Prevent and Treat Opioid Use Disorder and Overdose,HDP01527,HDP
-,-,HDP01627,HDP
-,Training the Next Generation of Researchers in HEAL,HDP01548,HDP
-,-,HDP01649,HDP
-,-,HDP01683,HDP
-,-,HDP01684,HDP
-,-,HDP01521,HDP
JCOIN,Training the Next Generation of Researchers in HEAL,HDP01367,HDP
-,"Optimizing the Quality, Reach, and Impact of Addiction Services",HDP01431,HDP
-,"Optimizing the Quality, Reach, and Impact of Addiction Services",HDP01415,HDP
-,"Optimizing the Quality, Reach, and Impact of Addiction Services",HDP01464,HDP
-,"Optimizing the Quality, Reach, and Impact of Addiction Services",HDP01343,HDP
-,"Optimizing the Quality, Reach, and Impact of Addiction Services",HDP01372,HDP
-,Small Business Programs,HDP01541,HDP
-,Focusing Medication Development to Prevent and Treat Opioid Use Disorder and Overdose,HDP01557,HDP
-,-,HDP01544,HDP
-,Focusing Medication Development to Prevent and Treat Opioid Use Disorder and Overdose,HDP01537,HDP
-,Preventing Opioid Use Disorder,HDP01549,HDP
-,Focusing Medication Development to Prevent and Treat Opioid Use Disorder and Overdose,HDP01571,HDP
-,-,HDP01510,HDP
-,HEAL PAIN Cohort Program,HDP01615,HDP
-,Training the Next Generation of Researchers in HEAL,HDP01570,HDP
-,Training the Next Generation of Researchers in HEAL,HDP01540,HDP
-,Focusing Medication Development to Prevent and Treat Opioid Use Disorder and Overdose,HDP01653,HDP
-,Focusing Medication Development to Prevent and Treat Opioid Use Disorder and Overdose,HDP01555,HDP
-,Focusing Medication Development to Prevent and Treat Opioid Use Disorder and Overdose,HDP01531,HDP
-,Focusing Medication Development to Prevent and Treat Opioid Use Disorder and Overdose,HDP01551,HDP
-,Focusing Medication Development to Prevent and Treat Opioid Use Disorder and Overdose,HDP01566,HDP
-,Preventing Opioid Use Disorder,HDP01538,HDP
-,Small Business Programs,HDP01553,HDP
-,Focusing Medication Development to Prevent and Treat Opioid Use Disorder and Overdose,HDP01575,HDP
-,Focusing Medication Development to Prevent and Treat Opioid Use Disorder and Overdose,HDP01648,HDP
-,Focusing Medication Development to Prevent and Treat Opioid Use Disorder and Overdose,HDP01668,HDP
-,Focusing Medication Development to Prevent and Treat Opioid Use Disorder and Overdose,HDP01552,HDP
-,Focusing Medication Development to Prevent and Treat Opioid Use Disorder and Overdose,HDP01628,HDP
-,"Optimizing the Quality, Reach, and Impact of Addiction Services",HDP01633,HDP
-,"Optimizing the Quality, Reach, and Impact of Addiction Services",HDP01658,HDP
-,Preventing Opioid Use Disorder,HDP01662,HDP
-,Preventing Opioid Use Disorder,HDP01614,HDP
-,"Optimizing the Quality, Reach, and Impact of Addiction Services",HDP01632,HDP
-,Training the Next Generation of Researchers in HEAL,HDP01651,HDP
-,Small Business Programs,HDP01601,HDP
-,Small Business Programs,HDP01669,HDP
-,Focusing Medication Development to Prevent and Treat Opioid Use Disorder and Overdose,HDP01528,HDP
-,Focusing Medication Development to Prevent and Treat Opioid Use Disorder and Overdose,HDP01638,HDP
JCOIN,Justice Community Opioid Innovation Network (JCOIN),HDP01590,HDP
JCOIN,Justice Community Opioid Innovation Network (JCOIN),HDP01591,HDP
JCOIN,Justice Community Opioid Innovation Network (JCOIN),HDP01593,HDP
JCOIN,Justice Community Opioid Innovation Network (JCOIN),HDP01585,HDP
JCOIN,Justice Community Opioid Innovation Network (JCOIN),HDP01595,HDP
JCOIN,Justice Community Opioid Innovation Network (JCOIN),HDP01594,HDP
JCOIN,Justice Community Opioid Innovation Network (JCOIN),HDP01671,HDP
JCOIN,Justice Community Opioid Innovation Network (JCOIN),HDP01579,HDP
JCOIN,Justice Community Opioid Innovation Network (JCOIN),HDP01584,HDP
JCOIN,Justice Community Opioid Innovation Network (JCOIN),HDP01578,HDP
JCOIN,Justice Community Opioid Innovation Network (JCOIN),HDP01587,HDP
JCOIN,Justice Community Opioid Innovation Network (JCOIN),HDP01589,HDP
JCOIN,Justice Community Opioid Innovation Network (JCOIN),HDP01577,HDP
JCOIN,Justice Community Opioid Innovation Network (JCOIN),HDP01582,HDP
JCOIN,Justice Community Opioid Innovation Network (JCOIN),HDP01588,HDP
JCOIN,Justice Community Opioid Innovation Network (JCOIN),HDP01580,HDP
JCOIN,Justice Community Opioid Innovation Network (JCOIN),HDP01581,HDP
JCOIN,Justice Community Opioid Innovation Network (JCOIN),HDP01676,HDP
JCOIN,Justice Community Opioid Innovation Network (JCOIN),HDP01583,HDP
JCOIN,Justice Community Opioid Innovation Network (JCOIN),HDP01592,HDP
JCOIN,Justice Community Opioid Innovation Network (JCOIN),HDP01586,HDP
-,-,HDP00574,HDP
-,-,HDP00471,HDP
-,Discovery and Validation of Novel Targets for Safe and Effective Treatment of Pain,HDP00538,HDP
-,Discovery and Validation of Novel Targets for Safe and Effective Treatment of Pain,HDP00063,HDP
-,Discovery and Validation of Novel Targets for Safe and Effective Treatment of Pain,HDP00749,HDP
-,Discovery and Validation of Novel Targets for Safe and Effective Treatment of Pain,HDP00388,HDP
-,Discovery and Validation of Novel Targets for Safe and Effective Treatment of Pain,HDP00754,HDP
-,Discovery and Validation of Novel Targets for Safe and Effective Treatment of Pain,HDP00491,HDP
-,Discovery and Validation of Novel Targets for Safe and Effective Treatment of Pain,HDP00750,HDP
-,Discovery and Validation of Novel Targets for Safe and Effective Treatment of Pain,HDP00117,HDP
-,Discovery and Validation of Novel Targets for Safe and Effective Treatment of Pain,HDP00826,HDP
-,Leveraging Existing and Real-Time Opioid and Pain Management Data,HDP00957,HDP
-,Discovery and Validation of Novel Targets for Safe and Effective Treatment of Pain,HDP00824,HDP
-,Training the Next Generation of Researchers in HEAL,HDP00823,HDP
-,-,HDP00235,HDP
-,Small Business Programs,HDP00339,HDP
-,Small Business Programs,HDP01173,HDP
-,Small Business Programs,HDP00176,HDP
-,-,HDP00113,HDP
-,Discovery and Validation of Novel Targets for Safe and Effective Treatment of Pain,HDP00673,HDP
-,Discovery and Validation of Novel Targets for Safe and Effective Treatment of Pain,HDP00748,HDP
-,Discovery and Validation of Novel Targets for Safe and Effective Pain Treatment,HDP00986,HDP
-,Leveraging Existing and Real-Time Opioid and Pain Management Data,HDP00917,HDP
-,Leveraging Existing and Real-Time Opioid and Pain Management Data,HDP00942,HDP
-,Leveraging Existing and Real-Time Opioid and Pain Management Data,HDP00931,HDP
-,Leveraging Existing and Real-Time Opioid and Pain Management Data,HDP01015,HDP
-,-,HDP01449,HDP
-,Oral Complications Arising From Pharmacotherapies to Treat Opioid Use Disorders,HDP01193,HDP
-,Oral Complications Arising from Pharmacotherapies to Treat Opioid Use Disorders,HDP01197,HDP
-,Oral Complications Arising From Pharmacotherapies to Treat Opioid Use Disorders,HDP01171,HDP
-,Oral Complications Arising From Pharmacotherapies to Treat Opioid Use Disorders,HDP01215,HDP
-,Integrated Basic and Clinical Team-Based Research in Pain,HDP01195,HDP
-,Discovery and Validation of Novel Targets for Safe and Effective Treatment of Pain,HDP01400,HDP
-,Discovery and Validation of Novel Targets for Safe and Effective Treatment of Pain,HDP01462,HDP
-,-,HDP01481,HDP
-,Small Business Programs,HDP01675,HDP
-,HEAL PAIN Cohort Program,HDP01536,HDP
-,HEAL PAIN Cohort Program,HDP01535,HDP
-,Discovery and Validation of Novel Targets for Safe and Effective Pain Treatment,HDP01574,HDP
-,-,HDP00704,HDP
-,-,HDP00597,HDP
-,-,HDP01276,HDP
-,-,HDP00162,HDP
HOPE,Integrated Approach to Pain and Opioid Use in Hemodialysis Patients,HDP00314,HDP
HOPE,Integrated Approach to Pain and Opioid Use in Hemodialysis Patients,HDP00867,HDP
HOPE,Integrated Approach to Pain and Opioid Use in Hemodialysis Patients,HDP00286,HDP
HOPE,Integrated Approach to Pain and Opioid Use in Hemodialysis Patients,HDP00497,HDP
HOPE,Integrated Approach to Pain and Opioid Use in Hemodialysis Patients,HDP00378,HDP
HOPE,Integrated Approach to Pain and Opioid Use in Hemodialysis Patients,HDP00481,HDP
HOPE,-,HDP00115,HDP
HOPE,-,HDP01340,HDP
HOPE,Integrated Approach to Pain and Opioid Use in Hemodialysis Patients,HDP00480,HDP
HOPE,Integrated Approach to Pain and Opioid Use in Hemodialysis Patients,HDP00496,HDP
HOPE,Integrated Approach to Pain and Opioid Use in Hemodialysis Patients,HDP00197,HDP
HOPE,Integrated Approach to Pain and Opioid Use in Hemodialysis Patients,HDP00028,HDP
HOPE,Integrated Approach to Pain and Opioid Use in Hemodialysis Patients,HDP00169,HDP
HOPE,Integrated Approach to Pain and Opioid Use in Hemodialysis Patients,HDP00055,HDP
HOPE,Integrated Approach to Pain and Opioid Use in Hemodialysis Patients,HDP00130,HDP
-,Discovery and Validation of Novel Targets for Safe and Effective Pain Treatment,HDP00891,HDP
-,Discovery and Validation of Novel Targets for Safe and Effective Pain Treatment,HDP00990,HDP
-,-,HDP00904,HDP
-,Training the Next Generation of Researchers in HEAL,HDP01429,HDP
-,-,HDP00596,HDP
-,-,HDP00684,HDP
-,Translating Discoveries into Effective Devices to Treat Pain,HDP00136,HDP
-,Translating Discoveries into Effective Devices to Treat Pain,HDP00796,HDP
-,Translating Discoveries into Effective Devices to Treat Pain,HDP00007,HDP
-,Translating Discoveries into Effective Devices to Treat Pain,HDP00328,HDP
-,-,HDP00056,HDP
-,Translating Discoveries into Effective Devices to Treat Pain,HDP00009,HDP
-,Translating Discoveries into Effective Devices to Treat Pain,HDP00014,HDP
-,Translating Discoveries into Effective Devices to Treat Pain,HDP00245,HDP
-,-,HDP01678,HDP
MEDTECH,Blueprint MedTech,HDP01682,HDP
MEDTECH,-,HDP01469,HDP
MEDTECH,Blueprint MedTech,HDP01681,HDP
MEDTECH,Blueprint MedTech,HDP01680,HDP
-,Translating Discoveries into Effective Devices to Treat Pain,HDP01151,HDP
-,Translating Discoveries into Effective Devices to Treat Pain,HDP01267,HDP
-,Translating Discoveries into Effective Devices to Treat Pain,HDP01143,HDP
-,Translating Discoveries into Effective Devices to Treat Pain,HDP01348,HDP
-,"Discovery and Validation of Biomarkers, Endpoints, and Signatures for Pain Conditions",HDP01412,HDP
-,Translational Development of Diagnostic and Therapeutic Devices,HDP01650,HDP
-,Translational Development of Diagnostic and Therapeutic Devices,HDP01654,HDP
-,Translational Development of Diagnostic and Therapeutic Devices,HDP01623,HDP
-,-,HDP00628,HDP
-,-,HDP00559,HDP
-,-,HDP00770,HDP
-,Preventing Opioid Use Disorder,HDP00478,HDP
-,Small Business Programs,HDP00299,HDP
MFMU,Pain Management Effectiveness Research Network (ERN),HDP00460,HDP
-,-,HDP00737,HDP
-,Pain Management Effectiveness Research Network (ERN),HDP00860,HDP
-,Small Business Programs,HDP00730,HDP
ACT NOW,Advancing Clinical Trials in Neonatal Opioid Withdrawal (ACT NOW),HDP00510,HDP
ACT NOW,-,HDP00540,HDP
ACT NOW,Advancing Clinical Trials in Neonatal Opioid Withdrawal (ACT NOW),HDP00595,HDP
-,-,HDP00282,HDP
-,-,HDP00210,HDP
-,-,HDP00295,HDP
ACT NOW,Advancing Clinical Trials in Neonatal Opioid Withdrawal (ACT NOW),HDP00066,HDP
ACT NOW,Advancing Clinical Trials in Neonatal Opioid Withdrawal (ACT NOW),HDP00594,HDP
ACT NOW,Advancing Clinical Trials in Neonatal Opioid Withdrawal (ACT NOW),HDP00657,HDP
ACT NOW,Advancing Clinical Trials in Neonatal Opioid Withdrawal (ACT NOW),HDP00620,HDP
ACT NOW,Advancing Clinical Trials in Neonatal Opioid Withdrawal (ACT NOW),HDP00621,HDP
ACT NOW,Advancing Clinical Trials in Neonatal Opioid Withdrawal (ACT NOW),HDP00416,HDP
ACT NOW,Advancing Clinical Trials in Neonatal Opioid Withdrawal (ACT NOW),HDP00408,HDP
ACT NOW,Advancing Clinical Trials in Neonatal Opioid Withdrawal (ACT NOW),HDP00413,HDP
ACT NOW,Advancing Clinical Trials in Neonatal Opioid Withdrawal (ACT NOW),HDP00407,HDP
ACT NOW,Advancing Clinical Trials in Neonatal Opioid Withdrawal (ACT NOW),HDP00417,HDP
ACT NOW,Advancing Clinical Trials in Neonatal Opioid Withdrawal (ACT NOW),HDP00406,HDP
-,Pain Management Effectiveness Research Network (ERN),HDP00059,HDP
PAIN ERN,Pain Management Effectiveness Research Network (ERN),HDP01490,HDP
PAIN ERN,Pain Management Effectiveness Research Network (ERN),HDP00865,HDP
ACT NOW,Advancing Clinical Trials in Neonatal Opioid Withdrawal (ACT NOW),HDP01398,HDP
ACT NOW,Advancing Clinical Trials in Neonatal Opioid Withdrawal (ACT NOW),HDP01407,HDP
ACT NOW,Advancing Clinical Trials in Neonatal Opioid Withdrawal (ACT NOW),HDP01395,HDP
ACT NOW,Advancing Clinical Trials in Neonatal Opioid Withdrawal (ACT NOW),HDP01377,HDP
ACT NOW,Advancing Clinical Trials in Neonatal Opioid Withdrawal (ACT NOW),HDP00302,HDP
ACT NOW,Advancing Clinical Trials in Neonatal Opioid Withdrawal (ACT NOW),HDP00251,HDP
ACT NOW,Advancing Clinical Trials in Neonatal Opioid Withdrawal (ACT NOW),HDP00002,HDP
ACT NOW,Advancing Clinical Trials in Neonatal Opioid Withdrawal (ACT NOW),HDP00185,HDP
ACT NOW,Advancing Clinical Trials in Neonatal Opioid Withdrawal (ACT NOW),HDP00340,HDP
ACT NOW,Advancing Clinical Trials in Neonatal Opioid Withdrawal (ACT NOW),HDP00076,HDP
ACT NOW,Advancing Clinical Trials in Neonatal Opioid Withdrawal (ACT NOW),HDP00267,HDP
ACT NOW,Advancing Clinical Trials in Neonatal Opioid Withdrawal (ACT NOW),HDP00243,HDP
ACT NOW,Advancing Clinical Trials in Neonatal Opioid Withdrawal (ACT NOW),HDP00037,HDP
-,Small Business Programs,HDP00945,HDP
-,-,HDP00216,HDP
-,Discovery and Validation of Novel Targets for Safe and Effective Pain Treatment,HDP01020,HDP
-,Small Business Programs,HDP01078,HDP
-,-,HDP01253,HDP
-,Leveraging Existing and Real-Time Opioid and Pain Management Data,HDP01031,HDP
-,Small Business Programs,HDP01124,HDP
-,The Biology of Opioid Exposure during Pregnancy and Effects on Early Neuro-Behavioral Development,HDP01149,HDP
-,The Biology of Opioid Exposure during Pregnancy and Effects on Early Neuro-Behavioral Development,HDP01150,HDP
-,The Biology of Opioid Exposure during Pregnancy and Effects on Early Neuro-Behavioral Development,HDP01111,HDP
-,The Biology of Opioid Exposure during Pregnancy and Effects on Early Neuro-Behavioral Development,HDP01119,HDP
-,Training the Next Generation of Researchers in HEAL,HDP01410,HDP
-,-,HDP01525,HDP
-,"HEAL KIDS (Knowledge, Innovation and Discovery Studies): Chronic Pain Program",HDP01392,HDP
-,"HEAL KIDS (Knowledge, Innovation and Discovery Studies): Chronic Pain Program",HDP01382,HDP
-,"HEAL KIDS (Knowledge, Innovation and Discovery Studies): Chronic Pain Program",HDP01476,HDP
-,"HEAL KIDS (Knowledge, Innovation and Discovery Studies): Chronic Pain Program",HDP01358,HDP
-,-,HDP01364,HDP
-,Understanding Individual Differences in Human Pain Conditions,HDP01667,HDP
-,Small Business Programs,HDP01550,HDP
-,Understanding Individual Differences in Human Pain Conditions,HDP01637,HDP
-,HEAL PAIN Cohort Program,HDP01641,HDP
-,HEAL PAIN Cohort Program,HDP01640,HDP
-,-,HDP00466,HDP
-,-,HDP00525,HDP
-,-,HDP00642,HDP
-,-,HDP00058,HDP
-,Sleep Dysfunction as a Core Feature of Opioid Use Disorder and Recovery,HDP00851,HDP
-,Sleep Dysfunction as a Core Feature of Opioid Use Disorder and Recovery,HDP00049,HDP
-,Sleep Dysfunction as a Core Feature of Opioid Use Disorder and Recovery,HDP00027,HDP
-,-,HDP00148,HDP
-,Sleep Dysfunction as a Core Feature of Opioid Use Disorder and Recovery,HDP00017,HDP
-,Sleep Dysfunction as a Core Feature of Opioid Use Disorder and Recovery,HDP00832,HDP
-,Sleep Dysfunction as a Core Feature of Opioid Use Disorder and Recovery,HDP00040,HDP
-,Sleep Dysfunction as a Core Feature of Opioid Use Disorder and Recovery,HDP00850,HDP
-,Sleep Dysfunction as a Core Feature of Opioid Use Disorder and Recovery,HDP00073,HDP
-,Sleep Dysfunction as a Core Feature of Opioid Use Disorder and Recovery,HDP00397,HDP
-,-,HDP00316,HDP
-,-,HDP00336,HDP
PAIN ERN,Pain Management Effectiveness Research Network (ERN),HDP01499,HDP
-,Pain Management Effectiveness Research Network (ERN),HDP01117,HDP
-,Small Business Programs,HDP01095,HDP
-,"Discovery and Validation of Biomarkers, Endpoints, and Signatures for Pain Conditions",HDP01357,HDP
-,Understanding Individual Differences in Human Pain Conditions,HDP01629,HDP
-,Understanding Individual Differences in Human Pain Conditions,HDP01636,HDP
-,-,HDP00699,HDP
-,-,HDP00718,HDP
-,-,HDP00638,HDP
-,-,HDP00707,HDP
-,-,HDP00736,HDP
-,Small Business Programs,HDP01089,HDP
-,-,HDP00994,HDP
-,-,HDP01508,HDP
-,-,HDP00666,HDP
-,Optimizing Care for People with Opioid Use Disorder and Mental Health Conditions,HDP00458,HDP
-,-,HDP01225,HDP
-,Optimizing Care for People with Opioid Use Disorder and Mental Health Conditions,HDP00731,HDP
-,Preventing Opioid Use Disorder,HDP00517,HDP
-,-,HDP00691,HDP
-,Preventing Opioid Use Disorder,HDP01239,HDP
-,Sleep Dysfunction as a Core Feature of Opioid Use Disorder and Recovery,HDP00687,HDP
-,Optimizing Care for People with Opioid Use Disorder and Mental Health Conditions,HDP01223,HDP
-,Sleep Dysfunction as a Core Feature of Opioid Use Disorder and Recovery,HDP00521,HDP
-,Preventing Opioid Use Disorder,HDP00569,HDP
-,Optimizing Care for People with Opioid Use Disorder and Mental Health Conditions,HDP00593,HDP
-,Optimizing Care for People with Opioid Use Disorder and Mental Health Conditions,HDP00562,HDP
-,Optimizing Care for People with Opioid Use Disorder and Mental Health Conditions,HDP00201,HDP
-,Optimizing Care for People with Opioid Use Disorder and Mental Health Conditions,HDP00223,HDP
-,Optimizing Care for People with Opioid Use Disorder and Mental Health Conditions,HDP00132,HDP
-,Optimizing Care for People with Opioid Use Disorder and Mental Health Conditions,HDP00276,HDP
-,Optimizing Care for People with Opioid Use Disorder and Mental Health Conditions,HDP00474,HDP
-,Optimizing Care for People with Opioid Use Disorder and Mental Health Conditions,HDP00846,HDP
-,Optimizing Care for People with Opioid Use Disorder and Mental Health Conditions,HDP00847,HDP
JCOIN,Optimizing Care for People with Opioid Use Disorder and Mental Health Conditions,HDP00104,HDP
-,-,HDP01025,HDP
-,-,HDP00911,HDP
-,"Discovery and Validation of Biomarkers, Endpoints, and Signatures for Pain Conditions",HDP01381,HDP
-,-,HDP00663,HDP
-,-,HDP00494,HDP
-,-,HDP00044,HDP
-,Pain Management Effectiveness Research Network (ERN),HDP00110,HDP
PRISM,Pragmatic and Implementation Studies for the Management of Pain to Reduce Opioid Prescribing (PRISM),HDP00309,HDP
PRISM,-,HDP01496,HDP
-,-,HDP01011,HDP
-,-,HDP01329,HDP
PRISM,Prevention and Management of Chronic Pain in Rural Populations,HDP01108,HDP
PRISM,Prevention and Management of Chronic Pain in Rural Populations,HDP01148,HDP
-,HEAL PAIN Cohort Program,HDP01542,HDP
-,HEAL PAIN Cohort Program,HDP01656,HDP
-,Discovery and Validation of Novel Targets for Safe and Effective Treatment of Pain,HDP00606,HDP
-,-,HDP01263,HDP
-,-,HDP00683,HDP
-,Discovery and Validation of Novel Targets for Safe and Effective Treatment of Pain,HDP00667,HDP
-,-,HDP01265,HDP
-,Discovery and Validation of Novel Targets for Safe and Effective Treatment of Pain,HDP00541,HDP
-,-,HDP00470,HDP
-,Discovery and Validation of Novel Targets for Safe and Effective Treatment of Pain,HDP00469,HDP
-,Discovery and Validation of Novel Targets for Safe and Effective Treatment of Pain,HDP01228,HDP
-,Discovery and Validation of Novel Targets for Safe and Effective Treatment of Pain,HDP00537,HDP
-,Discovery and Validation of Novel Targets for Safe and Effective Treatment of Pain,HDP00680,HDP
-,-,HDP00625,HDP
-,-,HDP00520,HDP
-,Small Business Programs,HDP00153,HDP
-,-,HDP00385,HDP
-,Discovery and Validation of Novel Targets for Safe and Effective Treatment of Pain,HDP00284,HDP
-,Discovery and Validation of Novel Targets for Safe and Effective Treatment of Pain,HDP00702,HDP
-,Small Business Programs,HDP00188,HDP
-,Small Business Programs,HDP00766,HDP
A2CPS,Training the Next Generation of Researchers in HEAL,HDP01256,HDP
A2CPS,-,HDP00547,HDP
A2CPS,-,HDP01257,HDP
-,Discovery and Validation of Novel Targets for Safe and Effective Treatment of Pain,HDP00237,HDP
-,Discovery and Validation of Novel Targets for Safe and Effective Treatment of Pain,HDP00120,HDP
-,Discovery and Validation of Novel Targets for Safe and Effective Treatment of Pain,HDP00364,HDP
-,Discovery and Validation of Novel Targets for Safe and Effective Treatment of Pain,HDP00531,HDP
-,-,HDP01214,HDP
-,"Discovery and Validation of Biomarkers, Endpoints, and Signatures for Pain Conditions",HDP00033,HDP
-,-,HDP00330,HDP
-,-,HDP00369,HDP
-,"Discovery and Validation of Biomarkers, Endpoints, and Signatures for Pain Conditions",HDP00293,HDP
-,Translating Discoveries into Effective Devices to Treat Pain,HDP00337,HDP
-,Discovery and Validation of Novel Targets for Safe and Effective Treatment of Pain,HDP00038,HDP
-,-,HDP00219,HDP
-,Translating Discoveries into Effective Devices to Treat Pain,HDP00212,HDP
-,Translating Discoveries into Effective Devices to Treat Pain,HDP00580,HDP
-,Small Business Programs,HDP00236,HDP
-,Small Business Programs,HDP00405,HDP
-,Small Business Programs,HDP00118,HDP
-,Small Business Programs,HDP00131,HDP
-,Small Business Programs,HDP00209,HDP
-,Small Business Programs,HDP00872,HDP
EPPIC-NET,Early Phase Pain Investigation Clinical Network (EPPIC-Net),HDP00098,HDP
EPPIC-NET,Early Phase Pain Investigation Clinical Network (EPPIC-Net),HDP00631,HDP
EPPIC-NET,Early Phase Pain Investigation Clinical Network (EPPIC-Net),HDP00081,HDP
-,Discovery and Validation of Novel Targets for Safe and Effective Treatment of Pain,HDP00252,HDP
-,Discovery and Validation of Novel Targets for Safe and Effective Treatment of Pain,HDP00051,HDP
EPPIC-NET,-,HDP00080,HDP
EPPIC-NET,Early Phase Pain Investigation Clinical Network (EPPIC-Net),HDP00600,HDP
EPPIC-NET,Early Phase Pain Investigation Clinical Network (EPPIC-Net),HDP00648,HDP
EPPIC-NET,Early Phase Pain Investigation Clinical Network (EPPIC-Net),HDP00849,HDP
EPPIC-NET,-,HDP01028,HDP
EPPIC-NET,Early Phase Pain Investigation Clinical Network (EPPIC-Net),HDP01436,HDP
EPPIC-NET,Early Phase Pain Investigation Clinical Network (EPPIC-Net),HDP00238,HDP
EPPIC-NET,Early Phase Pain Investigation Clinical Network (EPPIC-Net),HDP00149,HDP
EPPIC-NET,Early Phase Pain Investigation Clinical Network (EPPIC-Net),HDP00294,HDP
EPPIC-NET,Early Phase Pain Investigation Clinical Network (EPPIC-Net),HDP00682,HDP
EPPIC-NET,-,HDP00005,HDP
EPPIC-NET,Early Phase Pain Investigation Clinical Network (EPPIC-Net),HDP00624,HDP
-,Discovery and Validation of Novel Targets for Safe and Effective Treatment of Pain,HDP01063,HDP
-,Discovery and Validation of Novel Targets for Safe and Effective Treatment of Pain,HDP00321,HDP
-,Discovery and Validation of Novel Targets for Safe and Effective Treatment of Pain,HDP00173,HDP
-,Discovery and Validation of Novel Targets for Safe and Effective Treatment of Pain,HDP00303,HDP
EPPIC-NET,Early Phase Pain Investigation Clinical Network (EPPIC-Net),HDP00094,HDP
EPPIC-NET,Early Phase Pain Investigation Clinical Network (EPPIC-Net),HDP00742,HDP
EPPIC-NET,Early Phase Pain Investigation Clinical Network (EPPIC-Net),HDP00913,HDP
-,-,HDP00253,HDP
-,Development and Optimization of Non-Addictive Therapies to Treat Pain,HDP00310,HDP
-,-,HDP00111,HDP
-,Development and Optimization of Non-Addictive Therapies to Treat Pain,HDP00041,HDP
-,Translating Discoveries into Effective Devices to Treat Pain,HDP00171,HDP
-,-,HDP00384,HDP
-,Translating Discoveries into Effective Devices to Treat Pain,HDP00587,HDP
-,-,HDP00799,HDP
-,Translating Discoveries into Effective Devices to Treat Pain,HDP01556,HDP
-,-,HDP00151,HDP
-,Small Business Programs,HDP00256,HDP
-,Small Business Programs,HDP00346,HDP
-,Small Business Programs,HDP00165,HDP
-,Small Business Programs,HDP00019,HDP
-,Small Business Programs,HDP00451,HDP
-,Small Business Programs,HDP00782,HDP
-,-,HDP00230,HDP
-,Translating Discoveries into Effective Devices to Treat Pain,HDP00382,HDP
-,Translational Devices to Treat Pain,HDP00325,HDP
-,-,HDP01346,HDP
-,Translating Discoveries into Effective Devices to Treat Pain,HDP00155,HDP
EPPIC-NET,Early Phase Pain Investigation Clinical Network (EPPIC-Net),HDP00266,HDP
EPPIC-NET,Early Phase Pain Investigation Clinical Network (EPPIC-Net),HDP00656,HDP
EPPIC-NET,Early Phase Pain Investigation Clinical Network (EPPIC-Net),HDP00338,HDP
EPPIC-NET,Early Phase Pain Investigation Clinical Network (EPPIC-Net),HDP00031,HDP
EPPIC-NET,Early Phase Pain Investigation Clinical Network (EPPIC-Net),HDP00152,HDP
EPPIC-NET,Early Phase Pain Investigation Clinical Network (EPPIC-Net),HDP00868,HDP
EPPIC-NET,Early Phase Pain Investigation Clinical Network (EPPIC-Net),HDP00739,HDP
-,-,HDP00035,HDP
-,Discovery and Validation of Novel Targets for Safe and Effective Treatment of Pain,HDP00634,HDP
EPPIC-NET,Early Phase Pain Investigation Clinical Network (EPPIC-Net),HDP00324,HDP
EPPIC-NET,Early Phase Pain Investigation Clinical Network (EPPIC-Net),HDP00275,HDP
-,-,HDP00271,HDP
-,Development and Optimization of Non-Addictive Therapies to Treat Pain,HDP00191,HDP
-,-,HDP00347,HDP
-,Development and Optimization of Non-Addictive Therapies to Treat Pain,HDP00921,HDP
-,Discovery and Validation of Novel Targets for Safe and Effective Pain Treatment,HDP00227,HDP
-,-,HDP00164,HDP
-,-,HDP00078,HDP
-,Small Business Programs,HDP00287,HDP
-,-,HDP00370,HDP
-,-,HDP00318,HDP
-,Discovery and Validation of Novel Targets for Safe and Effective Treatment of Pain,HDP00247,HDP
-,Training the Next Generation of Researchers in HEAL,HDP01010,HDP
-,"Discovery and Validation of Biomarkers, Endpoints, and Signatures for Pain Conditions",HDP00097,HDP
-,-,HDP00894,HDP
-,Small Business Programs,HDP00161,HDP
-,Small Business Programs,HDP00116,HDP
-,Small Business Programs,HDP00015,HDP
-,Small Business Programs,HDP01185,HDP
-,-,HDP01220,HDP
-,Small Business Programs,HDP00140,HDP
-,Small Business Programs,HDP00291,HDP
-,Small Business Programs,HDP00034,HDP
-,Small Business Programs,HDP01055,HDP
-,Small Business Programs,HDP00268,HDP
-,Discovery and Validation of Novel Targets for Safe and Effective Treatment of Pain,HDP00265,HDP
-,Discovery and Validation of Novel Targets for Safe and Effective Treatment of Pain,HDP00863,HDP
-,Discovery and Validation of Novel Targets for Safe and Effective Treatment of Pain,HDP00864,HDP
-,-,HDP01327,HDP
-,-,HDP01325,HDP
EPPIC-NET,Early Phase Pain Investigation Clinical Network (EPPIC-Net),HDP00218,HDP
EPPIC-NET,Early Phase Pain Investigation Clinical Network (EPPIC-Net),HDP01050,HDP
EPPIC-NET,Early Phase Pain Investigation Clinical Network (EPPIC-Net),HDP01051,HDP
EPPIC-NET,Early Phase Pain Investigation Clinical Network (EPPIC-Net),HDP00793,HDP
-,Development and Optimization of Non-Addictive Therapies to Treat Pain,HDP00257,HDP
-,Training the Next Generation of Researchers in HEAL,HDP00934,HDP
-,Development and Optimization of Non-Addictive Therapies to Treat Pain,HDP00012,HDP
-,Development and Optimization of Non-Addictive Therapies to Treat Pain,HDP01177,HDP
-,-,HDP00327,HDP
-,Small Business Programs,HDP00062,HDP
-,Small Business Programs,HDP00989,HDP
-,Small Business Programs,HDP01014,HDP
-,Development and Optimization of Non-Addictive Therapies to Treat Pain,HDP01007,HDP
-,Development and Optimization of Non-Addictive Therapies to Treat Pain,HDP00926,HDP
-,Development and Optimization of Non-Addictive Therapies to Treat Pain,HDP00167,HDP
-,Development and Optimization of Non-Addictive Therapies to Treat Pain,HDP00103,HDP
-,-,HDP00157,HDP
-,PTDP (Non-addictive Analgesic Therapeutics Development to Treat Pain),HDP00422,HDP
-,Development and Optimization of Non-Addictive Therapies to Treat Pain,HDP00427,HDP
-,Development and Optimization of Non-Addictive Therapies to Treat Pain,HDP00425,HDP
-,Development and Optimization of Non-Addictive Therapies to Treat Pain,HDP00428,HDP
-,Development and Optimization of Non-Addictive Therapies to Treat Pain,HDP00423,HDP
-,Development and Optimization of Non-Addictive Therapies to Treat Pain,HDP00426,HDP
-,Development and Optimization of Non-Addictive Therapies to Treat Pain,HDP00424,HDP
-,Development and Optimization of Non-Addictive Therapies to Treat Pain,HDP00174,HDP
EPPIC-NET,-,HDP00047,HDP
-,-,HDP00187,HDP
EPPIC-NET,-,HDP00025,HDP
-,Development and Optimization of Non-Addictive Therapies to Treat Pain,HDP00905,HDP
-,Development and Optimization of Non-Addictive Therapies to Treat Pain,HDP00940,HDP
-,Development and Optimization of Non-Addictive Therapies to Treat Pain,HDP01147,HDP
-,Development and Optimization of Non-Addictive Therapies to Treat Pain,HDP00985,HDP
-,Training the Next Generation of Researchers in HEAL,HDP00935,HDP
-,Development and Optimization of Non-Addictive Therapies to Treat Pain,HDP00912,HDP
-,Development and Optimization of Non-Addictive Therapies to Treat Pain,HDP00898,HDP
-,Small Business Programs,HDP01082,HDP
-,Development and Optimization of Non-Addictive Therapies to Treat Pain,HDP00903,HDP
-,Development and Optimization of Non-Addictive Therapies to Treat Pain,HDP01142,HDP
-,Development and Optimization of Non-Addictive Therapies to Treat Pain,HDP00956,HDP
-,Interdisciplinary Teams to Elucidate the Mechanisms of Device-Based Pain Relief,HDP01029,HDP
-,Interdisciplinary Teams to Elucidate the Mechanisms of Device-Based Pain Relief,HDP00949,HDP
-,Interdisciplinary Teams to Elucidate the Mechanisms of Device-Based Pain Relief,HDP00982,HDP
-,Translating Discoveries into Effective Devices to Treat Pain,HDP01237,HDP
-,-,HDP00924,HDP
-,Small Business Programs,HDP01663,HDP
-,Discovery and Validation of Novel Targets for Safe and Effective Treatment of Pain,HDP00995,HDP
-,Discovery and Validation of Novel Targets for Safe and Effective Treatment of Pain,HDP00900,HDP
-,Training the Next Generation of Researchers in HEAL,HDP00888,HDP
-,Discovery and Validation of Novel Targets for Safe and Effective Pain Treatment,HDP01070,HDP
-,"Discovery and Validation of Biomarkers, Endpoints, and Signatures for Pain Conditions",HDP01233,HDP
PRECISION,Discovery and Functional Evaluation of Human Pain-associated Genes and Cells,HDP00902,HDP
-,Discovery and Validation of Novel Targets for Safe and Effective Treatment of Pain,HDP01042,HDP
-,Discovery and Validation of Novel Targets for Safe and Effective Treatment of Pain,HDP01040,HDP
-,Discovery and Validation of Novel Targets for Safe and Effective Treatment of Pain,HDP01039,HDP
-,Discovery and Validation of Novel Targets for Safe and Effective Treatment of Pain,HDP01041,HDP
-,Discovery and Validation of Novel Targets for Safe and Effective Treatment of Pain,HDP01043,HDP
-,Discovery and Validation of Novel Targets for Safe and Effective Treatment of Pain,HDP01044,HDP
PRECISION,Discovery and Functional Evaluation of Human Pain-associated Genes and Cells,HDP00971,HDP
PRECISION,Discovery and Functional Evaluation of Human Pain-associated Genes and Cells,HDP00920,HDP
-,Interdisciplinary Teams to Elucidate the Mechanisms of Device-Based Pain Relief,HDP01030,HDP
-,Training the Next Generation of Researchers in HEAL,HDP01479,HDP
-,-,HDP01328,HDP
-,Discovery and Validation of Novel Targets for Safe and Effective Treatment of Pain,HDP01175,HDP
-,Development and Optimization of Non-Addictive Therapies to Treat Pain,HDP01101,HDP
-,Development and Optimization of Non-Addictive Therapies to Treat Pain,HDP01409,HDP
-,Development and Optimization of Non-Addictive Therapies to Treat Pain,HDP01344,HDP
-,Development and Optimization of Non-Addictive Therapies to Treat Pain,HDP01091,HDP
-,Development and Optimization of Non-Addictive Therapies to Treat Pain,HDP01084,HDP
-,PTDP (Non-addictive Analgesic Therapeutics Development to Treat Pain),HDP01081,HDP
-,"Discovery and Validation of Biomarkers, Endpoints, and Signatures for Pain Conditions",HDP01194,HDP
-,Discovery and Validation of Novel Targets for Safe and Effective Treatment of Pain,HDP01208,HDP
-,Training the Next Generation of Researchers in HEAL,HDP01059,HDP
-,Training the Next Generation of Researchers in HEAL,HDP01405,HDP
-,Discovery and Validation of Novel Targets for Safe and Effective Treatment of Pain,HDP01079,HDP
-,-,HDP01083,HDP
-,-,HDP01168,HDP
-,Small Business Programs,HDP01093,HDP
-,Small Business Programs,HDP01222,HDP
-,Discovery and Validation of Novel Targets for Safe and Effective Treatment of Pain,HDP01432,HDP
-,-,HDP01374,HDP
-,-,HDP01130,HDP
-,-,HDP01477,HDP
-,-,HDP01401,HDP
-,Development and Optimization of Non-Addictive Therapies to Treat Pain,HDP01129,HDP
-,Discovery and Validation of Novel Targets for Safe and Effective Treatment of Pain,HDP01192,HDP
-,PTDP (Non-addictive Analgesic Therapeutics Development to Treat Pain),HDP01210,HDP
-,-,HDP01170,HDP
-,Discovery of Biomarkers and Biomarker Signatures to Facilitate Clinical Trials for Pain Therapeutics,HDP01176,HDP
-,"Discovery and Validation of Biomarkers, Endpoints, and Signatures for Pain Conditions",HDP01166,HDP
-,"Discovery and Validation of Biomarkers, Endpoints, and Signatures for Pain Conditions",HDP01190,HDP
-,Integrated Basic and Clinical Team-Based Research in Pain,HDP01362,HDP
-,Development and Optimization of Non-Addictive Therapies to Treat Pain,HDP01445,HDP
-,Development and Optimization of Non-Addictive Therapies to Treat Pain,HDP01169,HDP
PRECISION,Discovery and Validation of Novel Targets for Safe and Effective Treatment of Pain,HDP01155,HDP
PRECISION,Discovery and Validation of Novel Targets for Safe and Effective Treatment of Pain,HDP01198,HDP
-,Translating Discoveries into Effective Devices to Treat Pain,HDP01204,HDP
-,Development and Optimization of Non-Addictive Therapies to Treat Pain,HDP01212,HDP
-,"Discovery and Validation of Biomarkers, Endpoints, and Signatures for Pain Conditions",HDP01425,HDP
-,Discovery and Validation of Novel Targets for Safe and Effective Treatment of Pain,HDP01444,HDP
-,Discovery and Validation of Novel Targets for Safe and Effective Treatment of Pain,HDP01422,HDP
-,Discovery and Validation of Novel Targets for Safe and Effective Treatment of Pain,HDP01403,HDP
-,Discovery and Validation of Novel Targets for Safe and Effective Treatment of Pain,HDP01448,HDP
-,Development and Optimization of Non-Addictive Therapies to Treat Pain,HDP01379,HDP
-,-,HDP01473,HDP
MEDTECH,Blueprint MedTech,HDP01679,HDP
-,Small Business Programs,HDP01184,HDP
-,HEAL PAIN Cohort Program,HDP01613,HDP
-,Development and Optimization of Non-Addictive Therapies to Treat Pain,HDP01419,HDP
-,Advanced Postdoctoral-to-Independent Career Transition Award in PAIN and SUD Research,HDP01644,HDP
-,"Discovery and Validation of Biomarkers, Endpoints, and Signatures for Pain Conditions",HDP01474,HDP
-,Development and Optimization of Non-Addictive Therapies to Treat Pain,HDP01384,HDP
-,Development and Optimization of Non-Addictive Therapies to Treat Pain,HDP01383,HDP
-,Translating Discoveries into Effective Devices to Treat Pain,HDP01373,HDP
-,Small Business Programs,HDP01642,HDP
-,"Discovery and Validation of Biomarkers, Endpoints, and Signatures for Pain Conditions",HDP01433,HDP
-,Integrated Basic and Clinical Team-Based Research in Pain,HDP01459,HDP
-,Integrated Basic and Clinical Team-based Research in Pain,HDP01657,HDP
-,IGNITE (Innovation Grants to Nurture Initial Translational Efforts),HDP01564,HDP
-,Training the Next Generation of Researchers in HEAL,HDP01455,HDP
-,Training the Next Generation of Researchers in HEAL,HDP01345,HDP
MEDTECH,Blueprint MedTech,HDP01526,HDP
-,Understanding Individual Differences in Human Pain Conditions,HDP01635,HDP
-,Advanced Postdoctoral-to-Independent Career Transition Award in PAIN and SUD Research,HDP01666,HDP
-,Discovery and Validation of Novel Targets for Safe and Effective Pain Treatment,HDP01634,HDP
-,HEAL PAIN Cohort Program,HDP01612,HDP
-,Small Business Programs,HDP01611,HDP
-,PTDP (Non-addictive Analgesic Therapeutics Development to Treat Pain),HDP01655,HDP
-,Discovery and Validation of Novel Targets for Safe and Effective Pain Treatment,HDP01621,HDP
-,Development and validation of remote or patient wearable device derived objective biosignatures or functional assessments to monitor pain for use as endpoints in clinical trials,HDP01610,HDP
-,Development and validation of remote or patient wearable device derived objective biosignatures or functional assessments to monitor pain for use as endpoints in clinical trials,HDP01625,HDP
-,Coordinated Approaches to Pain Care in Health Care Systems,HDP01652,HDP
-,Coordinated Approaches to Pain Care in Health Care Systems,HDP01643,HDP
-,Small Business Programs,HDP01630,HDP
-,Early-Stage Discovery of New Pain Targets Within the Understudied Druggable Proteome,HDP01618,HDP
ACT NOW,Advancing Clinical Trials in Neonatal Opioid Withdrawal (ACT NOW),HDP00487,HDP
ACT NOW,Advancing Clinical Trials in Neonatal Opioid Withdrawal (ACT NOW),HDP00635,HDP
ACT NOW,Advancing Clinical Trials in Neonatal Opioid Withdrawal (ACT NOW),HDP00694,HDP
ACT NOW,-,HDP01026,HDP
-,-,HDP01280,HDP
ACT NOW,Advancing Clinical Trials in Neonatal Opioid Withdrawal (ACT NOW),HDP00812,HDP
-,-,HDP01236,HDP
-,-,HDP01619,HDP
-,-,HDP00108,HDP
-,-,HDP00771,HDP
-,-,HDP01454,HDP
JCOIN,Sleep Dysfunction as a Core Feature of Opioid Use Disorder and Recovery,HDP01268,HDP
-,-,HDP00231,HDP
-,-,HDP00137,HDP
-,-,HDP00392,HDP
-,-,HDP00072,HDP
-,-,HDP00030,HDP
-,Small Business Programs,HDP00573,HDP
-,Small Business Programs,HDP00746,HDP
-,Small Business Programs,HDP00874,HDP
MFMU,Pain Management Effectiveness Research Network (ERN),HDP00528,HDP
-,Pain Management Effectiveness Research Network (ERN),HDP00543,HDP
-,-,HDP00511,HDP
-,Pain Management Effectiveness Research Network (ERN),HDP00639,HDP
-,-,HDP00581,HDP
-,-,HDP00527,HDP
-,-,HDP00626,HDP
-,-,HDP00729,HDP
-,-,HDP00502,HDP
-,-,HDP00630,HDP
-,-,HDP00717,HDP
-,Translational Research to Advance Testing of Novel Drugs and Human Cell-Based Screening Platforms to Treat Pain and Opioid Use Disorder,HDP00054,HDP
-,Translational Research to Advance Testing of Novel Drugs and Human Cell-Based Screening Platforms to Treat Pain and Opioid Use Disorder,HDP00752,HDP
-,Translational Research to Advance Testing of Novel Drugs and Human Cell-Based Screening Platforms to Treat Pain and Opioid Use Disorder,HDP00202,HDP
-,-,HDP00249,HDP
-,Translational Research to Advance Testing of Novel Drugs and Human Cell-Based Screening Platforms to Treat Pain and Opioid Use Disorder,HDP00676,HDP
-,Discovery and Validation of Novel Targets for Safe and Effective Treatment of Pain,HDP00195,HDP
-,Discovery and Validation of Novel Targets for Safe and Effective Treatment of Pain,HDP00697,HDP
-,Translational Research to Advance Testing of Novel Drugs and Human Cell-Based Screening Platforms to Treat Pain and Opioid Use Disorder,HDP00358,HDP
-,Pain Management Effectiveness Research Network (ERN),HDP01269,HDP
-,Pain Management Effectiveness Research Network (ERN),HDP01478,HDP
-,Pain Management Effectiveness Research Network (ERN),HDP01272,HDP
-,Pain Management Effectiveness Research Network (ERN),HDP01361,HDP
-,Pain Management Effectiveness Research Network (ERN),HDP01273,HDP
-,Discovery and Validation of Novel Targets for Safe and Effective Treatment of Pain,HDP00993,HDP
-,Training the Next Generation of Researchers in HEAL,HDP01023,HDP
-,Discovery and Validation of Novel Targets for Safe and Effective Treatment of Pain,HDP01100,HDP
-,Small Business Programs,HDP01126,HDP
-,Early-Stage Discovery of New Pain Targets Within the Understudied Druggable Proteome,HDP01609,HDP
-,-,HDP01238,HDP
-,-,HDP00703,HDP
-,-,HDP00714,HDP
-,Small Business Programs,10246487,APPLIDONLY
-,Focusing Medication Development to Prevent and Treat Opioid Use Disorder and Overdose,10469599,APPLIDONLY
-,IGNITE (Innovation Grants to Nurture Initial Translational Efforts),11179361,APPLIDONLY
-,Behavioral Research to Improve Medication-Based Treatment,10219462,APPLIDONLY
-,-,10892676,APPLIDONLY
-,-,10551851,APPLIDONLY
-,-,10561600,APPLIDONLY
-,Focusing Medication Development to Prevent and Treat Opioid Use Disorder and Overdose,9912143,APPLIDONLY
-,Small Business Programs,10029002,APPLIDONLY
-,-,10640817,APPLIDONLY
-,-,10523125,APPLIDONLY
-,Focusing Medication Development to Prevent and Treat Opioid Use Disorder and Overdose,10131167,APPLIDONLY
-,Focusing Medication Development to Prevent and Treat Opioid Use Disorder and Overdose,10136565,APPLIDONLY
-,Focusing Medication Development to Prevent and Treat Opioid Use Disorder and Overdose,11086785,APPLIDONLY
-,Focusing Medication Development to Prevent and Treat Opioid Use Disorder and Overdose,9926864,APPLIDONLY
-,Focusing Medication Development to Prevent and Treat Opioid Use Disorder and Overdose,11088252,APPLIDONLY
JCOIN,Justice Community Opioid Innovation Network (JCOIN),11363280,APPLIDONLY
-,Focusing Medication Development to Prevent and Treat Opioid Use Disorder and Overdose,10269936,APPLIDONLY
-,Recovery Research Networks,11364516,APPLIDONLY
-,Focusing Medication Development to Prevent and Treat Opioid Use Disorder and Overdose,10847507,APPLIDONLY
-,Recovery Research Networks,10268237,APPLIDONLY
-,Small Business Programs,11031367,APPLIDONLY
HBCD,HEALthy Brain and Child Development Study (HBCD),11369438,APPLIDONLY
IMPOWR,Reducing Opioid-Related Harms to Treat Chronic Pain (IMPOWR and MIRHIQL),11311142,APPLIDONLY
-,Training the Next Generation of Researchers in HEAL,11115010,APPLIDONLY
-,Behavioral Research to Improve Medication-Based Treatment,10467167,APPLIDONLY
-,-,10879287,APPLIDONLY
-,"Optimizing the Quality, Reach, and Impact of Addiction Services",11360494,APPLIDONLY
-,Focusing Medication Development to Prevent and Treat Opioid Use Disorder and Overdose,11196074,APPLIDONLY
-,-,10977935,APPLIDONLY
-,-,10977684,APPLIDONLY
-,-,10979126,APPLIDONLY
-,-,11058063,APPLIDONLY
-,-,10974580,APPLIDONLY
-,Focusing Medication Development to Prevent and Treat Opioid Use Disorder and Overdose,11176951,APPLIDONLY
-,"Optimizing the Quality, Reach, and Impact of Addiction Services",11358190,APPLIDONLY
-,-,11049392,APPLIDONLY
-,-,11053820,APPLIDONLY
HBCD,Training the Next Generation of Researchers in HEAL,11167076,APPLIDONLY
-,Focusing Medication Development to Prevent and Treat Opioid Use Disorder and Overdose,11162314,APPLIDONLY
-,-,10923463,APPLIDONLY
-,-,10923195,APPLIDONLY
NCREW,"Native Collective Research Effort to Enhance Wellness (N CREW) Program: Addressing Overdose, Substance Use, Mental Health, and Pain",10973944,APPLIDONLY
NCREW,"Native Collective Research Effort to Enhance Wellness (N CREW) Program: Addressing Overdose, Substance Use, Mental Health, and Pain",11375715,APPLIDONLY
NCREW,"Native Collective Research Effort to Enhance Wellness (N CREW) Program: Addressing Overdose, Substance Use, Mental Health, and Pain",10975515,APPLIDONLY
NCREW,"Native Collective Research Effort to Enhance Wellness (N CREW) Program: Addressing Overdose, Substance Use, Mental Health, and Pain",11375716,APPLIDONLY
NCREW,"Native Collective Research Effort to Enhance Wellness (N CREW) Program: Addressing Overdose, Substance Use, Mental Health, and Pain",10975848,APPLIDONLY
NCREW,"Native Collective Research Effort to Enhance Wellness (N CREW) Program: Addressing Overdose, Substance Use, Mental Health, and Pain",11369460,APPLIDONLY
NCREW,"Native Collective Research Effort to Enhance Wellness (N CREW) Program: Addressing Overdose, Substance Use, Mental Health, and Pain",10975989,APPLIDONLY
NCREW,"Native Collective Research Effort to Enhance Wellness (N CREW) Program: Addressing Overdose, Substance Use, Mental Health, and Pain",11369458,APPLIDONLY
NCREW,"Native Collective Research Effort to Enhance Wellness (N CREW) Program: Addressing Overdose, Substance Use, Mental Health, and Pain",10976288,APPLIDONLY
NCREW,"Native Collective Research Effort to Enhance Wellness (N CREW) Program: Addressing Overdose, Substance Use, Mental Health, and Pain",11375713,APPLIDONLY
NCREW,"Native Collective Research Effort to Enhance Wellness (N CREW) Program: Addressing Overdose, Substance Use, Mental Health, and Pain",10977007,APPLIDONLY
NCREW,"Native Collective Research Effort to Enhance Wellness (N CREW) Program: Addressing Overdose, Substance Use, Mental Health, and Pain",11369459,APPLIDONLY
NCREW,"Native Collective Research Effort to Enhance Wellness (N CREW) Program: Addressing Overdose, Substance Use, Mental Health, and Pain",10977010,APPLIDONLY
NCREW,"Native Collective Research Effort to Enhance Wellness (N CREW) Program: Addressing Overdose, Substance Use, Mental Health, and Pain",11367181,APPLIDONLY
NCREW,"Native Collective Research Effort to Enhance Wellness (N CREW) Program: Addressing Overdose, Substance Use, Mental Health, and Pain",10977164,APPLIDONLY
NCREW,"Native Collective Research Effort to Enhance Wellness (N CREW) Program: Addressing Overdose, Substance Use, Mental Health, and Pain",11375714,APPLIDONLY
NCREW,"Native Collective Research Effort to Enhance Wellness (N CREW) Program: Addressing Overdose, Substance Use, Mental Health, and Pain",10977850,APPLIDONLY
NCREW,"Native Collective Research Effort to Enhance Wellness (N CREW) Program: Addressing Overdose, Substance Use, Mental Health, and Pain",11375339,APPLIDONLY
NCREW,"Native Collective Research Effort to Enhance Wellness (N CREW) Program: Addressing Overdose, Substance Use, Mental Health, and Pain",10977942,APPLIDONLY
NCREW,"Native Collective Research Effort to Enhance Wellness (N CREW) Program: Addressing Overdose, Substance Use, Mental Health, and Pain",11369462,APPLIDONLY
NCREW,"Native Collective Research Effort to Enhance Wellness (N CREW) Program: Addressing Overdose, Substance Use, Mental Health, and Pain",10978021,APPLIDONLY
NCREW,"Native Collective Research Effort to Enhance Wellness (N CREW) Program: Addressing Overdose, Substance Use, Mental Health, and Pain",11367182,APPLIDONLY
NCREW,"Native Collective Research Effort to Enhance Wellness (N CREW) Program: Addressing Overdose, Substance Use, Mental Health, and Pain",10978052,APPLIDONLY
NCREW,"Native Collective Research Effort to Enhance Wellness (N CREW) Program: Addressing Overdose, Substance Use, Mental Health, and Pain",11369461,APPLIDONLY
NCREW,"Native Collective Research Effort to Enhance Wellness (N CREW) Program: Addressing Overdose, Substance Use, Mental Health, and Pain",10978126,APPLIDONLY
NCREW,"Native Collective Research Effort to Enhance Wellness (N CREW) Program: Addressing Overdose, Substance Use, Mental Health, and Pain",11363821,APPLIDONLY
NCREW,"Native Collective Research Effort to Enhance Wellness (N CREW) Program: Addressing Overdose, Substance Use, Mental Health, and Pain",10978127,APPLIDONLY
NCREW,"Native Collective Research Effort to Enhance Wellness (N CREW) Program: Addressing Overdose, Substance Use, Mental Health, and Pain",11367180,APPLIDONLY
NCREW,"Native Collective Research Effort to Enhance Wellness (N CREW) Program: Addressing Overdose, Substance Use, Mental Health, and Pain",10978169,APPLIDONLY
NCREW,"Native Collective Research Effort to Enhance Wellness (N CREW) Program: Addressing Overdose, Substance Use, Mental Health, and Pain",11382598,APPLIDONLY
NCREW,"Native Collective Research Effort to Enhance Wellness (N CREW) Program: Addressing Overdose, Substance Use, Mental Health, and Pain",10978178,APPLIDONLY
NCREW,"Native Collective Research Effort to Enhance Wellness (N CREW) Program: Addressing Overdose, Substance Use, Mental Health, and Pain",11367179,APPLIDONLY
-,-,11002135,APPLIDONLY
-,-,11012979,APPLIDONLY
-,-,11030486,APPLIDONLY
-,-,11032648,APPLIDONLY
-,Focusing Medication Development to Prevent and Treat Opioid Use Disorder and Overdose,11045218,APPLIDONLY
-,-,11048398,APPLIDONLY
-,-,11055687,APPLIDONLY
-,-,11055890,APPLIDONLY
-,"Optimizing the Quality, Reach, and Impact of Addiction Services",11059523,APPLIDONLY
NCREW,"Native Collective Research Effort to Enhance Wellness (N CREW) Program: Addressing Overdose, Substance Use, Mental Health, and Pain",11143587,APPLIDONLY
NCREW,"Native Collective Research Effort to Enhance Wellness (N CREW) Program: Addressing Overdose, Substance Use, Mental Health, and Pain",11375717,APPLIDONLY
NCREW,"Native Collective Research Effort to Enhance Wellness (N CREW) Program: Addressing Overdose, Substance Use, Mental Health, and Pain",11144138,APPLIDONLY
NCREW,"Native Collective Research Effort to Enhance Wellness (N CREW) Program: Addressing Overdose, Substance Use, Mental Health, and Pain",11375364,APPLIDONLY
JCOIN,Justice Community Opioid Innovation Network (JCOIN),11262356,APPLIDONLY
-,-,10440366,APPLIDONLY
-,Advanced Postdoctoral-to-Independent Career Transition Award in PAIN and SUD Research,11393492,APPLIDONLY
MEDTECH,Blueprint MedTech,11373718,APPLIDONLY
MFMU,-,11061239,APPLIDONLY
ACT NOW,-,11074073,APPLIDONLY
-,Recovery Research Networks,10475213,APPLIDONLY
-,Recovery Research Networks,10475218,APPLIDONLY
-,Preventing Opioid Use Disorder,10186827,APPLIDONLY
-,Sleep Dysfunction as a Core Feature of Opioid Use Disorder and Recovery,10167785,APPLIDONLY
-,-,10546481,APPLIDONLY
-,-,10409775,APPLIDONLY
-,Optimizing Care for People with Opioid Use Disorder and Mental Health Conditions,10197809,APPLIDONLY
-,-,11118983,APPLIDONLY
-,-,10318996,APPLIDONLY
-,-,10916399,APPLIDONLY
-,Translating Discoveries into Effective Devices to Treat Pain,11013357,APPLIDONLY
-,"Optimizing the Duration, Retention, and Discontinuation of Medication Treatment for Opioid Use Disorder",10022491,APPLIDONLY
-,-,10704175,APPLIDONLY
-,Small Business Programs,11053642,APPLIDONLY
-,Discovery of Biomarkers and Biomarker Signatures to Facilitate Clinical Trials for Pain Therapeutics,11365628,APPLIDONLY
-,IGNITE (Innovation Grants to Nurture Initial Translational Efforts),11204761,APPLIDONLY
-,IGNITE (Innovation Grants to Nurture Initial Translational Efforts),11195581,APPLIDONLY
ACT NOW,-,11285535,APPLIDONLY
-,-,11130215,APPLIDONLY
-,-,11265130,APPLIDONLY
-,-,11193588,APPLIDONLY
-,-,11193636,APPLIDONLY
-,-,11195200,APPLIDONLY
-,-,11193592,APPLIDONLY
-,-,10021038,APPLIDONLY
-,Pain Management Effectiveness Research Network (ERN),11179276,APPLIDONLY
IMPOWR,Reducing Opioid-Related Harms to Treat Chronic Pain (IMPOWR and MIRHIQL),11167601,APPLIDONLY
CTN,-,HDP01285,CTN
CTN,-,HDP01286,CTN
CTN,-,HDP01287,CTN
CTN,-,HDP01288,CTN
CTN,-,HDP01289,CTN
CTN,-,HDP01290,CTN
CTN,-,HDP01291,CTN
CTN,-,HDP01292,CTN
CTN,-,HDP01293,CTN
CTN,-,HDP01294,CTN
CTN,-,HDP01295,CTN
CTN,-,HDP01296,CTN
CTN,-,HDP01297,CTN
CTN,-,HDP01298,CTN
CTN,-,HDP01299,CTN
CTN,-,HDP01300,CTN
CTN,-,HDP01301,CTN
CTN,-,HDP01302,CTN
CTN,-,HDP01303,CTN
CTN,-,HDP01304,CTN
CTN,-,HDP01305,CTN
CTN,-,HDP01306,CTN
CTN,-,HDP01307,CTN
CTN,-,HDP01308,CTN
CTN,-,HDP01309,CTN
CTN,-,HDP01310,CTN
CTN,-,HDP01311,CTN
CTN,-,HDP01312,CTN
CTN,-,HDP01313,CTN
CTN,-,HDP01314,CTN
CTN,-,HDP01315,CTN
CTN,-,HDP01316,CTN
CTN,-,HDP01317,CTN
CTN,-,HDP01318,CTN
CTN,-,HDP01319,CTN
CTN,-,HDP01320,CTN
CTN,-,HDP01321,CTN
CTN,-,HDP01322,CTN
CTN,-,HDP01323,CTN
CTN,-,HDP01324,CTN
CTN,-,HDP01504,CTN
CTN,-,HDP01505,CTN
CTN,-,HDP01506,CTN
CTN,-,HDP01507,CTN
CTN,-,HDP01686,CTN
CTN,-,HDP01687,CTN